Workbook

Sheet نتائج القسم
C1: نتائــــج التلاميـــــذ | Q1: نتائــــج التلاميـــــذ | AC1: نتائــــج التلاميـــــذ
B2: الأستاذ(ة) : | C2: أستاذ الفيزياء | F2: =IF(MAX(D8:F57)>20,"خـطـأ",IF(MAX(H8:H57)>60,"خـطـأ",IF(MAX(L8:O57)>0,"خطأ","صحيحة"))) -> صحيحة | I2: متوسطة : | J2: محمد بوضياف | P2: الاستاذ : | Q2: =HYPERLINK(C2) -> أستاذ الفيزياء | T2: =IF(MAX(P8:R57)>20,"خـطـأ",IF(MAX(T8:T57)>60,"خـطـأ",IF(MAX(X8:AA57)>0,"خطأ","صحيحة"))) -> صحيحة | U2: متوسطة : | V2: =HYPERLINK(J2) -> محمد بوضياف | AC2: الاستاذ : | AD2: =HYPERLINK(Q2) -> أستاذ الفيزياء | AF2: =IF(MAX(AB8:AD57)>20,"خـطـأ",IF(MAX(AF8:AF57)>60,"خـطـأ",IF(MAX(AL8:AO57)>0,"خطأ","صحيحة"))) -> صحيحة | AI2: متوسطة : | AJ2: =HYPERLINK(J2) -> محمد بوضياف
B3: المـــــــــادة : | C3: العلوم الفيزيائية و التكنولوجية | F3: عـدد الذكور : | G3: 0 | I3: المعـــامـل : | J3: 2 | P3: المـــــــــادة : | Q3: =HYPERLINK(C3) -> العلوم الفيزيائية و التكنولوجية | U3: المعـــامـل : | V3: =HYPERLINK(J3) -> 2 | AC3: المـــــــــادة : | AD3: =HYPERLINK(Q3) -> العلوم الفيزيائية و التكنولوجية | AI3: المعـــامـل : | AJ3: =HYPERLINK(V3) -> 2
B4: القســــــــم : | C4: 4م1 | F4: عـدد الإناث : | G4: =IF(ISNUMBER(C5),C5-G3,"") -> 38 | I4: السنة الدراسية: | J4: 2015/2016 | P4: القســــــــم : | Q4: =HYPERLINK(C4) -> 4م1 | U4: السنة الدراسية: | V4: =HYPERLINK(J4) -> 2015/2016 | AC4: القســــــــم : | AD4: =HYPERLINK(Q4) -> 4م1 | AI4: السنة الدراسية: | AJ4: =HYPERLINK(J4) -> 2015/2016
B5: عــــدد التلاميـذ : | C5: =SUM(C59,C60) -> 38
B6: الفصـــــــل الأول | Q6: الفصــــــــــــل الثاني | AC6: الفصـــــــل الثالـث
A7: الرقم | B7: اللقــب و الاسم | C7: تاريج الميلاد | D7: م.المستمرة | E7: الفرض1 | F7: الفرض2 | G7: معدل المراقبة | H7: الإختبار | I7: المعدل | J7: المعدل x المعامل | K7: الملاحظة | P7: م.المستمرة | Q7: الفرض1 | R7: الفرض2 | S7: المعدل المراقبة | T7: الإختبار | U7: المعدل | V7: المعدل x المعامل | W7: الملاحظة | AB7: م.المستمرة | AC7: الفرض1 | AD7: الفرض2 | AE7: المعدل المراقبة | AF7: الإختبار | AG7: المعدل | AH7: المعدل x المعامل | AI7: الملاحظة | AJ7: المعدل السنوي | AK7: الملاحظة السنوية
A8: 1 | D8: 14.5 | E8: 16 | G8: =IF(ISNUMBER(E8),AVERAGE(D8:F8)*2," ") -> 30.5 | H8: 27 | I8: =IF(ISNUMBER(H8),SUM(G8+H8)/5," ") -> 11.5 | J8: =IF(ISNUMBER(H8),SUM(I8*$J$3)," ") -> 23 | K8: =IF(ISNUMBER(H8),IF(I8>8,IF(I8<10,"دون الوسط",IF(I8<12,"متوسط",IF(I8<14,"جيـد",IF(I8<17,"جيـد جـدا","ممتاز")))),"ضعيف جـدا"),"غائب") -> متوسط | L8: =MOD(D8,0.25) -> 0 | M8: =MOD(E8,0.25) -> 0 | N8: =MOD(F8,0.25) -> 0 | O8: =MOD(H8/3,0.25) -> 0 | P8: 14.5 | Q8: 16 | S8: =IF(ISNUMBER(Q8),AVERAGE(P8:R8)*2," ") -> 30.5 | T8: 27 | U8: =IF(ISNUMBER(T8),SUM(S8+T8)/5," ") -> 11.5 | V8: =IF(ISNUMBER(T8),SUM(U8*$J$3)," ") -> 23 | W8: =IF(ISNUMBER(T8),IF(U8>8,IF(U8<10,"ضعيف",IF(U8<12,"متوسط",IF(U8<14,"جيـد",IF(U8<17,"جيـد جـدا","ممتاز")))),"ضعيف جـدا"),"غائب") -> متوسط | X8: =MOD(P8,0.25) -> 0 | Y8: =MOD(Q8,0.25) -> 0 | Z8: =MOD(R8,0.25) -> 0 | AA8: =MOD(T8/3,0.25) -> 0 | AB8: 14.5 | AC8: 16 | AD8: 16 | AE8: =IF(ISNUMBER(AC8),AVERAGE(AB8:AD8)*2," ") -> 31 | AF8: 27 | AG8: =IF(ISNUMBER(AF8),SUM(AE8+AF8)/5," ") -> 11.6 | AH8: =IF(ISNUMBER(AF8),SUM(AG8*$J$3)," ") -> 23.2 | AI8: =IF(ISNUMBER(AF8),IF(AJ8>8,IF(AJ8<10,"ضعيف",IF(AJ8<12,"متوسط",IF(AJ8<14,"جيـد",IF(AG8<17,"جيـد جـدا","ممتاز")))),"ضعيف جـدا"),"غائب") -> متوسط | AJ8: =IF(ISNUMBER(AG8),AVERAGE(I8,U8,AG8)," ") -> 11.533333 | AK8: =IF(ISNUMBER(AF8),IF(AJ8>8,IF(AJ8<10,"ضعيف",IF(AJ8<12,"متوسط",IF(AJ8<14,"جيـد",IF(AJ8<17,"جيـد جـدا","ممتاز")))),"ضعيف جـدا"),"غائب") -> متوسط | AL8: =MOD(AB8,0.25) -> 0 | AM8: =MOD(AC8,0.25) -> 0 | AN8: =MOD(AD8,0.25) -> 0 | AO8: =MOD(AF8/3,0.25) -> 0
A9: 2 | D9: 18.5 | E9: 17 | G9: =IF(ISNUMBER(E9),AVERAGE(D9:F9)*2," ") -> 35.5 | H9: 42 | I9: =IF(ISNUMBER(H9),SUM(G9+H9)/5," ") -> 15.5 | J9: =IF(ISNUMBER(H9),SUM(I9*$J$3)," ") -> 31 | K9: =IF(ISNUMBER(H9),IF(I9>8,IF(I9<10,"دون الوسط",IF(I9<12,"متوسط",IF(I9<14,"جيـد",IF(I9<17,"جيـد جـدا","ممتاز")))),"ضعيف جـدا"),"غائب") -> جيـد جـدا | L9: =MOD(D9,0.25) -> 0 | M9: =MOD(E9,0.25) -> 0 | N9: =MOD(F9,0.25) -> 0 | O9: =MOD(H9/3,0.25) -> 0 | P9: 18.5 | Q9: 17 | S9: =IF(ISNUMBER(Q9),AVERAGE(P9:R9)*2," ") -> 35.5 | T9: 42 | U9: =IF(ISNUMBER(T9),SUM(S9+T9)/5," ") -> 15.5 | V9: =IF(ISNUMBER(T9),SUM(U9*$J$3)," ") -> 31 | W9: =IF(ISNUMBER(T9),IF(U9>8,IF(U9<10,"ضعيف",IF(U9<12,"متوسط",IF(U9<14,"جيـد",IF(U9<17,"جيـد جـدا","ممتاز")))),"ضعيف جـدا"),"غائب") -> جيـد جـدا | X9: =MOD(P9,0.25) -> 0 | Y9: =MOD(Q9,0.25) -> 0 | Z9: =MOD(R9,0.25) -> 0 | AA9: =MOD(T9/3,0.25) -> 0 | AB9: 18.5 | AC9: 17 | AE9: =IF(ISNUMBER(AC9),AVERAGE(AB9:AD9)*2," ") -> 35.5 | AF9: 42 | AG9: =IF(ISNUMBER(AF9),SUM(AE9+AF9)/5," ") -> 15.5 | AH9: =IF(ISNUMBER(AF9),SUM(AG9*$J$3)," ") -> 31 | AI9: =IF(ISNUMBER(AF9),IF(AJ9>8,IF(AJ9<10,"ضعيف",IF(AJ9<12,"متوسط",IF(AJ9<14,"جيـد",IF(AG9<17,"جيـد جـدا","ممتاز")))),"ضعيف جـدا"),"غائب") -> جيـد جـدا | AJ9: =IF(ISNUMBER(AG9),AVERAGE(I9,U9,AG9)," ") -> 15.5 | AK9: =IF(ISNUMBER(AF9),IF(AJ9>8,IF(AJ9<10,"ضعيف",IF(AJ9<12,"متوسط",IF(AJ9<14,"جيـد",IF(AJ9<17,"جيـد جـدا","ممتاز")))),"ضعيف جـدا"),"غائب") -> جيـد جـدا | AL9: =MOD(AB9,0.25) -> 0 | AM9: =MOD(AC9,0.25) -> 0 | AN9: =MOD(AD9,0.25) -> 0 | AO9: =MOD(AF9/3,0.25) -> 0
A10: 3 | D10: 11.5 | E10: 10 | G10: =IF(ISNUMBER(E10),AVERAGE(D10:F10)*2," ") -> 21.5 | H10: 18 | I10: =IF(ISNUMBER(H10),SUM(G10+H10)/5," ") -> 7.9 | J10: =IF(ISNUMBER(H10),SUM(I10*$J$3)," ") -> 15.8 | K10: =IF(ISNUMBER(H10),IF(I10>8,IF(I10<10,"دون الوسط",IF(I10<12,"متوسط",IF(I10<14,"جيـد",IF(I10<17,"جيـد جـدا","ممتاز")))),"ضعيف جـدا"),"غائب") -> ضعيف جـدا | L10: =MOD(D10,0.25) -> 0 | M10: =MOD(E10,0.25) -> 0 | N10: =MOD(F10,0.25) -> 0 | O10: =MOD(H10/3,0.25) -> 0 | P10: 11.5 | Q10: 10 | S10: =IF(ISNUMBER(Q10),AVERAGE(P10:R10)*2," ") -> 21.5 | T10: 18 | U10: =IF(ISNUMBER(T10),SUM(S10+T10)/5," ") -> 7.9 | V10: =IF(ISNUMBER(T10),SUM(U10*$J$3)," ") -> 15.8 | W10: =IF(ISNUMBER(T10),IF(U10>8,IF(U10<10,"ضعيف",IF(U10<12,"متوسط",IF(U10<14,"جيـد",IF(U10<17,"جيـد جـدا","ممتاز")))),"ضعيف جـدا"),"غائب") -> ضعيف جـدا | X10: =MOD(P10,0.25) -> 0 | Y10: =MOD(Q10,0.25) -> 0 | Z10: =MOD(R10,0.25) -> 0 | AA10: =MOD(T10/3,0.25) -> 0 | AB10: 11.5 | AC10: 10 | AE10: =IF(ISNUMBER(AC10),AVERAGE(AB10:AD10)*2," ") -> 21.5 | AF10: 18 | AG10: =IF(ISNUMBER(AF10),SUM(AE10+AF10)/5," ") -> 7.9 | AH10: =IF(ISNUMBER(AF10),SUM(AG10*$J$3)," ") -> 15.8 | AI10: =IF(ISNUMBER(AF10),IF(AJ10>8,IF(AJ10<10,"ضعيف",IF(AJ10<12,"متوسط",IF(AJ10<14,"جيـد",IF(AG10<17,"جيـد جـدا","ممتاز")))),"ضعيف جـدا"),"غائب") -> ضعيف جـدا | AJ10: =IF(ISNUMBER(AG10),AVERAGE(I10,U10,AG10)," ") -> 7.9 | AK10: =IF(ISNUMBER(AF10),IF(AJ10>8,IF(AJ10<10,"ضعيف",IF(AJ10<12,"متوسط",IF(AJ10<14,"جيـد",IF(AJ10<17,"جيـد جـدا","ممتاز")))),"ضعيف جـدا"),"غائب") -> ضعيف جـدا | AL10: =MOD(AB10,0.25) -> 0 | AM10: =MOD(AC10,0.25) -> 0 | AN10: =MOD(AD10,0.25) -> 0 | AO10: =MOD(AF10/3,0.25) -> 0
A11: 4 | D11: 11 | E11: 13 | G11: =IF(ISNUMBER(E11),AVERAGE(D11:F11)*2," ") -> 24 | H11: 15 | I11: =IF(ISNUMBER(H11),SUM(G11+H11)/5," ") -> 7.8 | J11: =IF(ISNUMBER(H11),SUM(I11*$J$3)," ") -> 15.6 | K11: =IF(ISNUMBER(H11),IF(I11>8,IF(I11<10,"دون الوسط",IF(I11<12,"متوسط",IF(I11<14,"جيـد",IF(I11<17,"جيـد جـدا","ممتاز")))),"ضعيف جـدا"),"غائب") -> ضعيف جـدا | L11: =MOD(D11,0.25) -> 0 | M11: =MOD(E11,0.25) -> 0 | N11: =MOD(F11,0.25) -> 0 | O11: =MOD(H11/3,0.25) -> 0 | P11: 11 | Q11: 13 | S11: =IF(ISNUMBER(Q11),AVERAGE(P11:R11)*2," ") -> 24 | T11: 15 | U11: =IF(ISNUMBER(T11),SUM(S11+T11)/5," ") -> 7.8 | V11: =IF(ISNUMBER(T11),SUM(U11*$J$3)," ") -> 15.6 | W11: =IF(ISNUMBER(T11),IF(U11>8,IF(U11<10,"ضعيف",IF(U11<12,"متوسط",IF(U11<14,"جيـد",IF(U11<17,"جيـد جـدا","ممتاز")))),"ضعيف جـدا"),"غائب") -> ضعيف جـدا | X11: =MOD(P11,0.25) -> 0 | Y11: =MOD(Q11,0.25) -> 0 | Z11: =MOD(R11,0.25) -> 0 | AA11: =MOD(T11/3,0.25) -> 0 | AB11: 11 | AC11: 13 | AE11: =IF(ISNUMBER(AC11),AVERAGE(AB11:AD11)*2," ") -> 24 | AF11: 15 | AG11: =IF(ISNUMBER(AF11),SUM(AE11+AF11)/5," ") -> 7.8 | AH11: =IF(ISNUMBER(AF11),SUM(AG11*$J$3)," ") -> 15.6 | AI11: =IF(ISNUMBER(AF11),IF(AJ11>8,IF(AJ11<10,"ضعيف",IF(AJ11<12,"متوسط",IF(AJ11<14,"جيـد",IF(AG11<17,"جيـد جـدا","ممتاز")))),"ضعيف جـدا"),"غائب") -> ضعيف جـدا | AJ11: =IF(ISNUMBER(AG11),AVERAGE(I11,U11,AG11)," ") -> 7.8 | AK11: =IF(ISNUMBER(AF11),IF(AJ11>8,IF(AJ11<10,"ضعيف",IF(AJ11<12,"متوسط",IF(AJ11<14,"جيـد",IF(AJ11<17,"جيـد جـدا","ممتاز")))),"ضعيف جـدا"),"غائب") -> ضعيف جـدا | AL11: =MOD(AB11,0.25) -> 0 | AM11: =MOD(AC11,0.25) -> 0 | AN11: =MOD(AD11,0.25) -> 0 | AO11: =MOD(AF11/3,0.25) -> 0
A12: 5 | D12: 17.5 | E12: 15 | G12: =IF(ISNUMBER(E12),AVERAGE(D12:F12)*2," ") -> 32.5 | H12: 39 | I12: =IF(ISNUMBER(H12),SUM(G12+H12)/5," ") -> 14.3 | J12: =IF(ISNUMBER(H12),SUM(I12*$J$3)," ") -> 28.6 | K12: =IF(ISNUMBER(H12),IF(I12>8,IF(I12<10,"دون الوسط",IF(I12<12,"متوسط",IF(I12<14,"جيـد",IF(I12<17,"جيـد جـدا","ممتاز")))),"ضعيف جـدا"),"غائب") -> جيـد جـدا | L12: =MOD(D12,0.25) -> 0 | M12: =MOD(E12,0.25) -> 0 | N12: =MOD(F12,0.25) -> 0 | O12: =MOD(H12/3,0.25) -> 0 | P12: 17.5 | Q12: 15 | S12: =IF(ISNUMBER(Q12),AVERAGE(P12:R12)*2," ") -> 32.5 | T12: 39 | U12: =IF(ISNUMBER(T12),SUM(S12+T12)/5," ") -> 14.3 | V12: =IF(ISNUMBER(T12),SUM(U12*$J$3)," ") -> 28.6 | W12: =IF(ISNUMBER(T12),IF(U12>8,IF(U12<10,"ضعيف",IF(U12<12,"متوسط",IF(U12<14,"جيـد",IF(U12<17,"جيـد جـدا","ممتاز")))),"ضعيف جـدا"),"غائب") -> جيـد جـدا | X12: =MOD(P12,0.25) -> 0 | Y12: =MOD(Q12,0.25) -> 0 | Z12: =MOD(R12,0.25) -> 0 | AA12: =MOD(T12/3,0.25) -> 0 | AB12: 17.5 | AC12: 15 | AE12: =IF(ISNUMBER(AC12),AVERAGE(AB12:AD12)*2," ") -> 32.5 | AF12: 39 | AG12: =IF(ISNUMBER(AF12),SUM(AE12+AF12)/5," ") -> 14.3 | AH12: =IF(ISNUMBER(AF12),SUM(AG12*$J$3)," ") -> 28.6 | AI12: =IF(ISNUMBER(AF12),IF(AJ12>8,IF(AJ12<10,"ضعيف",IF(AJ12<12,"متوسط",IF(AJ12<14,"جيـد",IF(AG12<17,"جيـد جـدا","ممتاز")))),"ضعيف جـدا"),"غائب") -> جيـد جـدا | AJ12: =IF(ISNUMBER(AG12),AVERAGE(I12,U12,AG12)," ") -> 14.3 | AK12: =IF(ISNUMBER(AF12),IF(AJ12>8,IF(AJ12<10,"ضعيف",IF(AJ12<12,"متوسط",IF(AJ12<14,"جيـد",IF(AJ12<17,"جيـد جـدا","ممتاز")))),"ضعيف جـدا"),"غائب") -> جيـد جـدا | AL12: =MOD(AB12,0.25) -> 0 | AM12: =MOD(AC12,0.25) -> 0 | AN12: =MOD(AD12,0.25) -> 0 | AO12: =MOD(AF12/3,0.25) -> 0
A13: 6 | D13: 18.5 | E13: 15 | G13: =IF(ISNUMBER(E13),AVERAGE(D13:F13)*2," ") -> 33.5 | H13: 42 | I13: =IF(ISNUMBER(H13),SUM(G13+H13)/5," ") -> 15.1 | J13: =IF(ISNUMBER(H13),SUM(I13*$J$3)," ") -> 30.2 | K13: =IF(ISNUMBER(H13),IF(I13>8,IF(I13<10,"دون الوسط",IF(I13<12,"متوسط",IF(I13<14,"جيـد",IF(I13<17,"جيـد جـدا","ممتاز")))),"ضعيف جـدا"),"غائب") -> جيـد جـدا | L13: =MOD(D13,0.25) -> 0 | M13: =MOD(E13,0.25) -> 0 | N13: =MOD(F13,0.25) -> 0 | O13: =MOD(H13/3,0.25) -> 0 | P13: 18.5 | Q13: 15 | S13: =IF(ISNUMBER(Q13),AVERAGE(P13:R13)*2," ") -> 33.5 | T13: 42 | U13: =IF(ISNUMBER(T13),SUM(S13+T13)/5," ") -> 15.1 | V13: =IF(ISNUMBER(T13),SUM(U13*$J$3)," ") -> 30.2 | W13: =IF(ISNUMBER(T13),IF(U13>8,IF(U13<10,"ضعيف",IF(U13<12,"متوسط",IF(U13<14,"جيـد",IF(U13<17,"جيـد جـدا","ممتاز")))),"ضعيف جـدا"),"غائب") -> جيـد جـدا | X13: =MOD(P13,0.25) -> 0 | Y13: =MOD(Q13,0.25) -> 0 | Z13: =MOD(R13,0.25) -> 0 | AA13: =MOD(T13/3,0.25) -> 0 | AB13: 18.5 | AC13: 15 | AE13: =IF(ISNUMBER(AC13),AVERAGE(AB13:AD13)*2," ") -> 33.5 | AF13: 42 | AG13: =IF(ISNUMBER(AF13),SUM(AE13+AF13)/5," ") -> 15.1 | AH13: =IF(ISNUMBER(AF13),SUM(AG13*$J$3)," ") -> 30.2 | AI13: =IF(ISNUMBER(AF13),IF(AJ13>8,IF(AJ13<10,"ضعيف",IF(AJ13<12,"متوسط",IF(AJ13<14,"جيـد",IF(AG13<17,"جيـد جـدا","ممتاز")))),"ضعيف جـدا"),"غائب") -> جيـد جـدا | AJ13: =IF(ISNUMBER(AG13),AVERAGE(I13,U13,AG13)," ") -> 15.1 | AK13: =IF(ISNUMBER(AF13),IF(AJ13>8,IF(AJ13<10,"ضعيف",IF(AJ13<12,"متوسط",IF(AJ13<14,"جيـد",IF(AJ13<17,"جيـد جـدا","ممتاز")))),"ضعيف جـدا"),"غائب") -> جيـد جـدا | AL13: =MOD(AB13,0.25) -> 0 | AM13: =MOD(AC13,0.25) -> 0 | AN13: =MOD(AD13,0.25) -> 0 | AO13: =MOD(AF13/3,0.25) -> 0
A14: 7 | D14: 10 | E14: 12 | G14: =IF(ISNUMBER(E14),AVERAGE(D14:F14)*2," ") -> 22 | H14: 6 | I14: =IF(ISNUMBER(H14),SUM(G14+H14)/5," ") -> 5.6 | J14: =IF(ISNUMBER(H14),SUM(I14*$J$3)," ") -> 11.2 | K14: =IF(ISNUMBER(H14),IF(I14>8,IF(I14<10,"دون الوسط",IF(I14<12,"متوسط",IF(I14<14,"جيـد",IF(I14<17,"جيـد جـدا","ممتاز")))),"ضعيف جـدا"),"غائب") -> ضعيف جـدا | L14: =MOD(D14,0.25) -> 0 | M14: =MOD(E14,0.25) -> 0 | N14: =MOD(F14,0.25) -> 0 | O14: =MOD(H14/3,0.25) -> 0 | P14: 10 | Q14: 12 | S14: =IF(ISNUMBER(Q14),AVERAGE(P14:R14)*2," ") -> 22 | T14: 6 | U14: =IF(ISNUMBER(T14),SUM(S14+T14)/5," ") -> 5.6 | V14: =IF(ISNUMBER(T14),SUM(U14*$J$3)," ") -> 11.2 | W14: =IF(ISNUMBER(T14),IF(U14>8,IF(U14<10,"ضعيف",IF(U14<12,"متوسط",IF(U14<14,"جيـد",IF(U14<17,"جيـد جـدا","ممتاز")))),"ضعيف جـدا"),"غائب") -> ضعيف جـدا | X14: =MOD(P14,0.25) -> 0 | Y14: =MOD(Q14,0.25) -> 0 | Z14: =MOD(R14,0.25) -> 0 | AA14: =MOD(T14/3,0.25) -> 0 | AB14: 10 | AC14: 12 | AE14: =IF(ISNUMBER(AC14),AVERAGE(AB14:AD14)*2," ") -> 22 | AF14: 6 | AG14: =IF(ISNUMBER(AF14),SUM(AE14+AF14)/5," ") -> 5.6 | AH14: =IF(ISNUMBER(AF14),SUM(AG14*$J$3)," ") -> 11.2 | AI14: =IF(ISNUMBER(AF14),IF(AJ14>8,IF(AJ14<10,"ضعيف",IF(AJ14<12,"متوسط",IF(AJ14<14,"جيـد",IF(AG14<17,"جيـد جـدا","ممتاز")))),"ضعيف جـدا"),"غائب") -> ضعيف جـدا | AJ14: =IF(ISNUMBER(AG14),AVERAGE(I14,U14,AG14)," ") -> 5.6 | AK14: =IF(ISNUMBER(AF14),IF(AJ14>8,IF(AJ14<10,"ضعيف",IF(AJ14<12,"متوسط",IF(AJ14<14,"جيـد",IF(AJ14<17,"جيـد جـدا","ممتاز")))),"ضعيف جـدا"),"غائب") -> ضعيف جـدا | AL14: =MOD(AB14,0.25) -> 0 | AM14: =MOD(AC14,0.25) -> 0 | AN14: =MOD(AD14,0.25) -> 0 | AO14: =MOD(AF14/3,0.25) -> 0
A15: 8 | D15: 17.5 | E15: 18 | G15: =IF(ISNUMBER(E15),AVERAGE(D15:F15)*2," ") -> 35.5 | H15: 24 | I15: =IF(ISNUMBER(H15),SUM(G15+H15)/5," ") -> 11.9 | J15: =IF(ISNUMBER(H15),SUM(I15*$J$3)," ") -> 23.8 | K15: =IF(ISNUMBER(H15),IF(I15>8,IF(I15<10,"دون الوسط",IF(I15<12,"متوسط",IF(I15<14,"جيـد",IF(I15<17,"جيـد جـدا","ممتاز")))),"ضعيف جـدا"),"غائب") -> متوسط | L15: =MOD(D15,0.25) -> 0 | M15: =MOD(E15,0.25) -> 0 | N15: =MOD(F15,0.25) -> 0 | O15: =MOD(H15/3,0.25) -> 0 | P15: 17.5 | Q15: 18 | S15: =IF(ISNUMBER(Q15),AVERAGE(P15:R15)*2," ") -> 35.5 | T15: 24 | U15: =IF(ISNUMBER(T15),SUM(S15+T15)/5," ") -> 11.9 | V15: =IF(ISNUMBER(T15),SUM(U15*$J$3)," ") -> 23.8 | W15: =IF(ISNUMBER(T15),IF(U15>8,IF(U15<10,"ضعيف",IF(U15<12,"متوسط",IF(U15<14,"جيـد",IF(U15<17,"جيـد جـدا","ممتاز")))),"ضعيف جـدا"),"غائب") -> متوسط | X15: =MOD(P15,0.25) -> 0 | Y15: =MOD(Q15,0.25) -> 0 | Z15: =MOD(R15,0.25) -> 0 | AA15: =MOD(T15/3,0.25) -> 0 | AB15: 17.5 | AC15: 18 | AE15: =IF(ISNUMBER(AC15),AVERAGE(AB15:AD15)*2," ") -> 35.5 | AF15: 24 | AG15: =IF(ISNUMBER(AF15),SUM(AE15+AF15)/5," ") -> 11.9 | AH15: =IF(ISNUMBER(AF15),SUM(AG15*$J$3)," ") -> 23.8 | AI15: =IF(ISNUMBER(AF15),IF(AJ15>8,IF(AJ15<10,"ضعيف",IF(AJ15<12,"متوسط",IF(AJ15<14,"جيـد",IF(AG15<17,"جيـد جـدا","ممتاز")))),"ضعيف جـدا"),"غائب") -> متوسط | AJ15: =IF(ISNUMBER(AG15),AVERAGE(I15,U15,AG15)," ") -> 11.9 | AK15: =IF(ISNUMBER(AF15),IF(AJ15>8,IF(AJ15<10,"ضعيف",IF(AJ15<12,"متوسط",IF(AJ15<14,"جيـد",IF(AJ15<17,"جيـد جـدا","ممتاز")))),"ضعيف جـدا"),"غائب") -> متوسط | AL15: =MOD(AB15,0.25) -> 0 | AM15: =MOD(AC15,0.25) -> 0 | AN15: =MOD(AD15,0.25) -> 0 | AO15: =MOD(AF15/3,0.25) -> 0
A16: 9 | D16: 12 | E16: 10 | G16: =IF(ISNUMBER(E16),AVERAGE(D16:F16)*2," ") -> 22 | H16: 18 | I16: =IF(ISNUMBER(H16),SUM(G16+H16)/5," ") -> 8 | J16: =IF(ISNUMBER(H16),SUM(I16*$J$3)," ") -> 16 | K16: =IF(ISNUMBER(H16),IF(I16>8,IF(I16<10,"دون الوسط",IF(I16<12,"متوسط",IF(I16<14,"جيـد",IF(I16<17,"جيـد جـدا","ممتاز")))),"ضعيف جـدا"),"غائب") -> ضعيف جـدا | L16: =MOD(D16,0.25) -> 0 | M16: =MOD(E16,0.25) -> 0 | N16: =MOD(F16,0.25) -> 0 | O16: =MOD(H16/3,0.25) -> 0 | P16: 12 | Q16: 10 | S16: =IF(ISNUMBER(Q16),AVERAGE(P16:R16)*2," ") -> 22 | T16: 18 | U16: =IF(ISNUMBER(T16),SUM(S16+T16)/5," ") -> 8 | V16: =IF(ISNUMBER(T16),SUM(U16*$J$3)," ") -> 16 | W16: =IF(ISNUMBER(T16),IF(U16>8,IF(U16<10,"ضعيف",IF(U16<12,"متوسط",IF(U16<14,"جيـد",IF(U16<17,"جيـد جـدا","ممتاز")))),"ضعيف جـدا"),"غائب") -> ضعيف جـدا | X16: =MOD(P16,0.25) -> 0 | Y16: =MOD(Q16,0.25) -> 0 | Z16: =MOD(R16,0.25) -> 0 | AA16: =MOD(T16/3,0.25) -> 0 | AB16: 12 | AC16: 10 | AE16: =IF(ISNUMBER(AC16),AVERAGE(AB16:AD16)*2," ") -> 22 | AF16: 18 | AG16: =IF(ISNUMBER(AF16),SUM(AE16+AF16)/5," ") -> 8 | AH16: =IF(ISNUMBER(AF16),SUM(AG16*$J$3)," ") -> 16 | AI16: =IF(ISNUMBER(AF16),IF(AJ16>8,IF(AJ16<10,"ضعيف",IF(AJ16<12,"متوسط",IF(AJ16<14,"جيـد",IF(AG16<17,"جيـد جـدا","ممتاز")))),"ضعيف جـدا"),"غائب") -> ضعيف جـدا | AJ16: =IF(ISNUMBER(AG16),AVERAGE(I16,U16,AG16)," ") -> 8 | AK16: =IF(ISNUMBER(AF16),IF(AJ16>8,IF(AJ16<10,"ضعيف",IF(AJ16<12,"متوسط",IF(AJ16<14,"جيـد",IF(AJ16<17,"جيـد جـدا","ممتاز")))),"ضعيف جـدا"),"غائب") -> ضعيف جـدا | AL16: =MOD(AB16,0.25) -> 0 | AM16: =MOD(AC16,0.25) -> 0 | AN16: =MOD(AD16,0.25) -> 0 | AO16: =MOD(AF16/3,0.25) -> 0
A17: 10 | D17: 17.5 | E17: 17 | G17: =IF(ISNUMBER(E17),AVERAGE(D17:F17)*2," ") -> 34.5 | H17: 36 | I17: =IF(ISNUMBER(H17),SUM(G17+H17)/5," ") -> 14.1 | J17: =IF(ISNUMBER(H17),SUM(I17*$J$3)," ") -> 28.2 | K17: =IF(ISNUMBER(H17),IF(I17>8,IF(I17<10,"دون الوسط",IF(I17<12,"متوسط",IF(I17<14,"جيـد",IF(I17<17,"جيـد جـدا","ممتاز")))),"ضعيف جـدا"),"غائب") -> جيـد جـدا | L17: =MOD(D17,0.25) -> 0 | M17: =MOD(E17,0.25) -> 0 | N17: =MOD(F17,0.25) -> 0 | O17: =MOD(H17/3,0.25) -> 0 | P17: 17.5 | Q17: 17 | S17: =IF(ISNUMBER(Q17),AVERAGE(P17:R17)*2," ") -> 34.5 | T17: 36 | U17: =IF(ISNUMBER(T17),SUM(S17+T17)/5," ") -> 14.1 | V17: =IF(ISNUMBER(T17),SUM(U17*$J$3)," ") -> 28.2 | W17: =IF(ISNUMBER(T17),IF(U17>8,IF(U17<10,"ضعيف",IF(U17<12,"متوسط",IF(U17<14,"جيـد",IF(U17<17,"جيـد جـدا","ممتاز")))),"ضعيف جـدا"),"غائب") -> جيـد جـدا | X17: =MOD(P17,0.25) -> 0 | Y17: =MOD(Q17,0.25) -> 0 | Z17: =MOD(R17,0.25) -> 0 | AA17: =MOD(T17/3,0.25) -> 0 | AB17: 17.5 | AC17: 17 | AE17: =IF(ISNUMBER(AC17),AVERAGE(AB17:AD17)*2," ") -> 34.5 | AF17: 36 | AG17: =IF(ISNUMBER(AF17),SUM(AE17+AF17)/5," ") -> 14.1 | AH17: =IF(ISNUMBER(AF17),SUM(AG17*$J$3)," ") -> 28.2 | AI17: =IF(ISNUMBER(AF17),IF(AJ17>8,IF(AJ17<10,"ضعيف",IF(AJ17<12,"متوسط",IF(AJ17<14,"جيـد",IF(AG17<17,"جيـد جـدا","ممتاز")))),"ضعيف جـدا"),"غائب") -> جيـد جـدا | AJ17: =IF(ISNUMBER(AG17),AVERAGE(I17,U17,AG17)," ") -> 14.1 | AK17: =IF(ISNUMBER(AF17),IF(AJ17>8,IF(AJ17<10,"ضعيف",IF(AJ17<12,"متوسط",IF(AJ17<14,"جيـد",IF(AJ17<17,"جيـد جـدا","ممتاز")))),"ضعيف جـدا"),"غائب") -> جيـد جـدا | AL17: =MOD(AB17,0.25) -> 0 | AM17: =MOD(AC17,0.25) -> 0 | AN17: =MOD(AD17,0.25) -> 0 | AO17: =MOD(AF17/3,0.25) -> 0
A18: 11 | D18: 13.5 | E18: 17 | G18: =IF(ISNUMBER(E18),AVERAGE(D18:F18)*2," ") -> 30.5 | H18: 21 | I18: =IF(ISNUMBER(H18),SUM(G18+H18)/5," ") -> 10.3 | J18: =IF(ISNUMBER(H18),SUM(I18*$J$3)," ") -> 20.6 | K18: =IF(ISNUMBER(H18),IF(I18>8,IF(I18<10,"دون الوسط",IF(I18<12,"متوسط",IF(I18<14,"جيـد",IF(I18<17,"جيـد جـدا","ممتاز")))),"ضعيف جـدا"),"غائب") -> متوسط | L18: =MOD(D18,0.25) -> 0 | M18: =MOD(E18,0.25) -> 0 | N18: =MOD(F18,0.25) -> 0 | O18: =MOD(H18/3,0.25) -> 0 | P18: 13.5 | Q18: 17 | S18: =IF(ISNUMBER(Q18),AVERAGE(P18:R18)*2," ") -> 30.5 | T18: 21 | U18: =IF(ISNUMBER(T18),SUM(S18+T18)/5," ") -> 10.3 | V18: =IF(ISNUMBER(T18),SUM(U18*$J$3)," ") -> 20.6 | W18: =IF(ISNUMBER(T18),IF(U18>8,IF(U18<10,"ضعيف",IF(U18<12,"متوسط",IF(U18<14,"جيـد",IF(U18<17,"جيـد جـدا","ممتاز")))),"ضعيف جـدا"),"غائب") -> متوسط | X18: =MOD(P18,0.25) -> 0 | Y18: =MOD(Q18,0.25) -> 0 | Z18: =MOD(R18,0.25) -> 0 | AA18: =MOD(T18/3,0.25) -> 0 | AB18: 13.5 | AC18: 17 | AE18: =IF(ISNUMBER(AC18),AVERAGE(AB18:AD18)*2," ") -> 30.5 | AF18: 21 | AG18: =IF(ISNUMBER(AF18),SUM(AE18+AF18)/5," ") -> 10.3 | AH18: =IF(ISNUMBER(AF18),SUM(AG18*$J$3)," ") -> 20.6 | AI18: =IF(ISNUMBER(AF18),IF(AJ18>8,IF(AJ18<10,"ضعيف",IF(AJ18<12,"متوسط",IF(AJ18<14,"جيـد",IF(AG18<17,"جيـد جـدا","ممتاز")))),"ضعيف جـدا"),"غائب") -> متوسط | AJ18: =IF(ISNUMBER(AG18),AVERAGE(I18,U18,AG18)," ") -> 10.3 | AK18: =IF(ISNUMBER(AF18),IF(AJ18>8,IF(AJ18<10,"ضعيف",IF(AJ18<12,"متوسط",IF(AJ18<14,"جيـد",IF(AJ18<17,"جيـد جـدا","ممتاز")))),"ضعيف جـدا"),"غائب") -> متوسط | AL18: =MOD(AB18,0.25) -> 0 | AM18: =MOD(AC18,0.25) -> 0 | AN18: =MOD(AD18,0.25) -> 0 | AO18: =MOD(AF18/3,0.25) -> 0
A19: 12 | D19: 17.5 | E19: 17 | G19: =IF(ISNUMBER(E19),AVERAGE(D19:F19)*2," ") -> 34.5 | H19: 36 | I19: =IF(ISNUMBER(H19),SUM(G19+H19)/5," ") -> 14.1 | J19: =IF(ISNUMBER(H19),SUM(I19*$J$3)," ") -> 28.2 | K19: =IF(ISNUMBER(H19),IF(I19>8,IF(I19<10,"دون الوسط",IF(I19<12,"متوسط",IF(I19<14,"جيـد",IF(I19<17,"جيـد جـدا","ممتاز")))),"ضعيف جـدا"),"غائب") -> جيـد جـدا | L19: =MOD(D19,0.25) -> 0 | M19: =MOD(E19,0.25) -> 0 | N19: =MOD(F19,0.25) -> 0 | O19: =MOD(H19/3,0.25) -> 0 | P19: 17.5 | Q19: 17 | S19: =IF(ISNUMBER(Q19),AVERAGE(P19:R19)*2," ") -> 34.5 | T19: 36 | U19: =IF(ISNUMBER(T19),SUM(S19+T19)/5," ") -> 14.1 | V19: =IF(ISNUMBER(T19),SUM(U19*$J$3)," ") -> 28.2 | W19: =IF(ISNUMBER(T19),IF(U19>8,IF(U19<10,"ضعيف",IF(U19<12,"متوسط",IF(U19<14,"جيـد",IF(U19<17,"جيـد جـدا","ممتاز")))),"ضعيف جـدا"),"غائب") -> جيـد جـدا | X19: =MOD(P19,0.25) -> 0 | Y19: =MOD(Q19,0.25) -> 0 | Z19: =MOD(R19,0.25) -> 0 | AA19: =MOD(T19/3,0.25) -> 0 | AB19: 17.5 | AC19: 17 | AE19: =IF(ISNUMBER(AC19),AVERAGE(AB19:AD19)*2," ") -> 34.5 | AF19: 36 | AG19: =IF(ISNUMBER(AF19),SUM(AE19+AF19)/5," ") -> 14.1 | AH19: =IF(ISNUMBER(AF19),SUM(AG19*$J$3)," ") -> 28.2 | AI19: =IF(ISNUMBER(AF19),IF(AJ19>8,IF(AJ19<10,"ضعيف",IF(AJ19<12,"متوسط",IF(AJ19<14,"جيـد",IF(AG19<17,"جيـد جـدا","ممتاز")))),"ضعيف جـدا"),"غائب") -> جيـد جـدا | AJ19: =IF(ISNUMBER(AG19),AVERAGE(I19,U19,AG19)," ") -> 14.1 | AK19: =IF(ISNUMBER(AF19),IF(AJ19>8,IF(AJ19<10,"ضعيف",IF(AJ19<12,"متوسط",IF(AJ19<14,"جيـد",IF(AJ19<17,"جيـد جـدا","ممتاز")))),"ضعيف جـدا"),"غائب") -> جيـد جـدا | AL19: =MOD(AB19,0.25) -> 0 | AM19: =MOD(AC19,0.25) -> 0 | AN19: =MOD(AD19,0.25) -> 0 | AO19: =MOD(AF19/3,0.25) -> 0
A20: 13 | D20: 18.5 | E20: 20 | G20: =IF(ISNUMBER(E20),AVERAGE(D20:F20)*2," ") -> 38.5 | H20: 36 | I20: =IF(ISNUMBER(H20),SUM(G20+H20)/5," ") -> 14.9 | J20: =IF(ISNUMBER(H20),SUM(I20*$J$3)," ") -> 29.8 | K20: =IF(ISNUMBER(H20),IF(I20>8,IF(I20<10,"دون الوسط",IF(I20<12,"متوسط",IF(I20<14,"جيـد",IF(I20<17,"جيـد جـدا","ممتاز")))),"ضعيف جـدا"),"غائب") -> جيـد جـدا | L20: =MOD(D20,0.25) -> 0 | M20: =MOD(E20,0.25) -> 0 | N20: =MOD(F20,0.25) -> 0 | O20: =MOD(H20/3,0.25) -> 0 | P20: 18.5 | Q20: 20 | S20: =IF(ISNUMBER(Q20),AVERAGE(P20:R20)*2," ") -> 38.5 | T20: 36 | U20: =IF(ISNUMBER(T20),SUM(S20+T20)/5," ") -> 14.9 | V20: =IF(ISNUMBER(T20),SUM(U20*$J$3)," ") -> 29.8 | W20: =IF(ISNUMBER(T20),IF(U20>8,IF(U20<10,"ضعيف",IF(U20<12,"متوسط",IF(U20<14,"جيـد",IF(U20<17,"جيـد جـدا","ممتاز")))),"ضعيف جـدا"),"غائب") -> جيـد جـدا | X20: =MOD(P20,0.25) -> 0 | Y20: =MOD(Q20,0.25) -> 0 | Z20: =MOD(R20,0.25) -> 0 | AA20: =MOD(T20/3,0.25) -> 0 | AB20: 18.5 | AC20: 20 | AE20: =IF(ISNUMBER(AC20),AVERAGE(AB20:AD20)*2," ") -> 38.5 | AF20: 36 | AG20: =IF(ISNUMBER(AF20),SUM(AE20+AF20)/5," ") -> 14.9 | AH20: =IF(ISNUMBER(AF20),SUM(AG20*$J$3)," ") -> 29.8 | AI20: =IF(ISNUMBER(AF20),IF(AJ20>8,IF(AJ20<10,"ضعيف",IF(AJ20<12,"متوسط",IF(AJ20<14,"جيـد",IF(AG20<17,"جيـد جـدا","ممتاز")))),"ضعيف جـدا"),"غائب") -> جيـد جـدا | AJ20: =IF(ISNUMBER(AG20),AVERAGE(I20,U20,AG20)," ") -> 14.9 | AK20: =IF(ISNUMBER(AF20),IF(AJ20>8,IF(AJ20<10,"ضعيف",IF(AJ20<12,"متوسط",IF(AJ20<14,"جيـد",IF(AJ20<17,"جيـد جـدا","ممتاز")))),"ضعيف جـدا"),"غائب") -> جيـد جـدا | AL20: =MOD(AB20,0.25) -> 0 | AM20: =MOD(AC20,0.25) -> 0 | AN20: =MOD(AD20,0.25) -> 0 | AO20: =MOD(AF20/3,0.25) -> 0
... A45: 38 | D45: 10 | E45: 7 | G45: =IF(ISNUMBER(E45),AVERAGE(D45:F45)*2," ") -> 17 | H45: 27 | I45: =IF(ISNUMBER(H45),SUM(G45+H45)/5," ") -> 8.8 | J45: =IF(ISNUMBER(H45),SUM(I45*$J$3)," ") -> 17.6 | K45: =IF(ISNUMBER(H45),IF(I45>8,IF(I45<10,"دون الوسط",IF(I45<12,"متوسط",IF(I45<14,"جيـد",IF(I45<17,"جيـد جـدا","ممتاز")))),"ضعيف جـدا"),"غائب") -> دون الوسط | L45: =MOD(D45,0.25) -> 0 | M45: =MOD(E45,0.25) -> 0 | N45: =MOD(F45,0.25) -> 0 | O45: =MOD(H45/3,0.25) -> 0 | P45: 10 | Q45: 7 | S45: =IF(ISNUMBER(Q45),AVERAGE(P45:R45)*2," ") -> 17 | T45: 27 | U45: =IF(ISNUMBER(T45),SUM(S45+T45)/5," ") -> 8.8 | V45: =IF(ISNUMBER(T45),SUM(U45*$J$3)," ") -> 17.6 | W45: =IF(ISNUMBER(T45),IF(U45>8,IF(U45<10,"ضعيف",IF(U45<12,"متوسط",IF(U45<14,"جيـد",IF(U45<17,"جيـد جـدا","ممتاز")))),"ضعيف جـدا"),"غائب") -> ضعيف | X45: =MOD(P45,0.25) -> 0 | Y45: =MOD(Q45,0.25) -> 0 | Z45: =MOD(R45,0.25) -> 0 | AA45: =MOD(T45/3,0.25) -> 0 | AB45: 10 | AC45: 7 | AE45: =IF(ISNUMBER(AC45),AVERAGE(AB45:AD45)*2," ") -> 17 | AF45: 27 | AG45: =IF(ISNUMBER(AF45),SUM(AE45+AF45)/5," ") -> 8.8 | AH45: =IF(ISNUMBER(AF45),SUM(AG45*$J$3)," ") -> 17.6 | AI45: =IF(ISNUMBER(AF45),IF(AJ45>8,IF(AJ45<10,"ضعيف",IF(AJ45<12,"متوسط",IF(AJ45<14,"جيـد",IF(AG45<17,"جيـد جـدا","ممتاز")))),"ضعيف جـدا"),"غائب") -> ضعيف | AJ45: =IF(ISNUMBER(AG45),AVERAGE(I45,U45,AG45)," ") -> 8.8 | AK45: =IF(ISNUMBER(AF45),IF(AJ45>8,IF(AJ45<10,"ضعيف",IF(AJ45<12,"متوسط",IF(AJ45<14,"جيـد",IF(AJ45<17,"جيـد جـدا","ممتاز")))),"ضعيف جـدا"),"غائب") -> ضعيف | AL45: =MOD(AB45,0.25) -> 0 | AM45: =MOD(AC45,0.25) -> 0 | AN45: =MOD(AD45,0.25) -> 0 | AO45: =MOD(AF45/3,0.25) -> 0
A46: 39 | G46: =IF(ISNUMBER(E46),AVERAGE(D46:F46)*2," ") | I46: =IF(ISNUMBER(H46),SUM(G46+H46)/5," ") | J46: =IF(ISNUMBER(H46),SUM(I46*$J$3)," ") | K46: =IF(ISNUMBER(H46),IF(I46>8,IF(I46<10,"دون الوسط",IF(I46<12,"متوسط",IF(I46<14,"جيـد",IF(I46<17,"جيـد جـدا","ممتاز")))),"ضعيف جـدا"),"غائب") -> غائب | L46: =MOD(D46,0.25) -> 0 | M46: =MOD(E46,0.25) -> 0 | N46: =MOD(F46,0.25) -> 0 | O46: =MOD(H46/3,0.25) -> 0 | S46: =IF(ISNUMBER(Q46),AVERAGE(P46:R46)*2," ") | U46: =IF(ISNUMBER(T46),SUM(S46+T46)/5," ") | V46: =IF(ISNUMBER(T46),SUM(U46*$J$3)," ") | W46: =IF(ISNUMBER(T46),IF(U46>8,IF(U46<10,"ضعيف",IF(U46<12,"متوسط",IF(U46<14,"جيـد",IF(U46<17,"جيـد جـدا","ممتاز")))),"ضعيف جـدا"),"غائب") -> غائب | X46: =MOD(P46,0.25) -> 0 | Y46: =MOD(Q46,0.25) -> 0 | Z46: =MOD(R46,0.25) -> 0 | AA46: =MOD(T46/3,0.25) -> 0 | AE46: =IF(ISNUMBER(AC46),AVERAGE(AB46:AD46)*2," ") | AG46: =IF(ISNUMBER(AF46),SUM(AE46+AF46)/5," ") | AH46: =IF(ISNUMBER(AF46),SUM(AG46*$J$3)," ") | AI46: =IF(ISNUMBER(AF46),IF(AJ46>8,IF(AJ46<10,"ضعيف",IF(AJ46<12,"متوسط",IF(AJ46<14,"جيـد",IF(AG46<17,"جيـد جـدا","ممتاز")))),"ضعيف جـدا"),"غائب") -> غائب | AJ46: =IF(ISNUMBER(AG46),AVERAGE(I46,U46,AG46)," ") | AK46: =IF(ISNUMBER(AF46),IF(AJ46>8,IF(AJ46<10,"ضعيف",IF(AJ46<12,"متوسط",IF(AJ46<14,"جيـد",IF(AJ46<17,"جيـد جـدا","ممتاز")))),"ضعيف جـدا"),"غائب") -> غائب | AL46: =MOD(AB46,0.25) -> 0 | AM46: =MOD(AC46,0.25) -> 0 | AN46: =MOD(AD46,0.25) -> 0 | AO46: =MOD(AF46/3,0.25) -> 0
A47: 40 | G47: =IF(ISNUMBER(E47),AVERAGE(D47:F47)*2," ") | I47: =IF(ISNUMBER(H47),SUM(G47+H47)/5," ") | J47: =IF(ISNUMBER(H47),SUM(I47*$J$3)," ") | K47: =IF(ISNUMBER(H47),IF(I47>8,IF(I47<10,"دون الوسط",IF(I47<12,"متوسط",IF(I47<14,"جيـد",IF(I47<17,"جيـد جـدا","ممتاز")))),"ضعيف جـدا"),"غائب") -> غائب | L47: =MOD(D47,0.25) -> 0 | M47: =MOD(E47,0.25) -> 0 | N47: =MOD(F47,0.25) -> 0 | O47: =MOD(H47/3,0.25) -> 0 | S47: =IF(ISNUMBER(Q47),AVERAGE(P47:R47)*2," ") | U47: =IF(ISNUMBER(T47),SUM(S47+T47)/5," ") | V47: =IF(ISNUMBER(T47),SUM(U47*$J$3)," ") | W47: =IF(ISNUMBER(T47),IF(U47>8,IF(U47<10,"ضعيف",IF(U47<12,"متوسط",IF(U47<14,"جيـد",IF(U47<17,"جيـد جـدا","ممتاز")))),"ضعيف جـدا"),"غائب") -> غائب | X47: =MOD(P47,0.25) -> 0 | Y47: =MOD(Q47,0.25) -> 0 | Z47: =MOD(R47,0.25) -> 0 | AA47: =MOD(T47/3,0.25) -> 0 | AE47: =IF(ISNUMBER(AC47),AVERAGE(AB47:AD47)*2," ") | AG47: =IF(ISNUMBER(AF47),SUM(AE47+AF47)/5," ") | AH47: =IF(ISNUMBER(AF47),SUM(AG47*$J$3)," ") | AI47: =IF(ISNUMBER(AF47),IF(AJ47>8,IF(AJ47<10,"ضعيف",IF(AJ47<12,"متوسط",IF(AJ47<14,"جيـد",IF(AG47<17,"جيـد جـدا","ممتاز")))),"ضعيف جـدا"),"غائب") -> غائب | AJ47: =IF(ISNUMBER(AG47),AVERAGE(I47,U47,AG47)," ") | AK47: =IF(ISNUMBER(AF47),IF(AJ47>8,IF(AJ47<10,"ضعيف",IF(AJ47<12,"متوسط",IF(AJ47<14,"جيـد",IF(AJ47<17,"جيـد جـدا","ممتاز")))),"ضعيف جـدا"),"غائب") -> غائب | AL47: =MOD(AB47,0.25) -> 0 | AM47: =MOD(AC47,0.25) -> 0 | AN47: =MOD(AD47,0.25) -> 0 | AO47: =MOD(AF47/3,0.25) -> 0
A48: 41 | G48: =IF(ISNUMBER(E48),AVERAGE(D48:F48)*2," ") | I48: =IF(ISNUMBER(H48),SUM(G48+H48)/5," ") | J48: =IF(ISNUMBER(H48),SUM(I48*$J$3)," ") | K48: =IF(ISNUMBER(H48),IF(I48>8,IF(I48<10,"دون الوسط",IF(I48<12,"متوسط",IF(I48<14,"جيـد",IF(I48<17,"جيـد جـدا","ممتاز")))),"ضعيف جـدا"),"غائب") -> غائب | L48: =MOD(D48,0.25) -> 0 | M48: =MOD(E48,0.25) -> 0 | N48: =MOD(F48,0.25) -> 0 | O48: =MOD(H48/3,0.25) -> 0 | S48: =IF(ISNUMBER(Q48),AVERAGE(P48:R48)*2," ") | U48: =IF(ISNUMBER(T48),SUM(S48+T48)/5," ") | V48: =IF(ISNUMBER(T48),SUM(U48*$J$3)," ") | W48: =IF(ISNUMBER(T48),IF(U48>8,IF(U48<10,"ضعيف",IF(U48<12,"متوسط",IF(U48<14,"جيـد",IF(U48<17,"جيـد جـدا","ممتاز")))),"ضعيف جـدا"),"غائب") -> غائب | X48: =MOD(P48,0.25) -> 0 | Y48: =MOD(Q48,0.25) -> 0 | Z48: =MOD(R48,0.25) -> 0 | AA48: =MOD(T48/3,0.25) -> 0 | AE48: =IF(ISNUMBER(AC48),AVERAGE(AB48:AD48)*2," ") | AG48: =IF(ISNUMBER(AF48),SUM(AE48+AF48)/5," ") | AH48: =IF(ISNUMBER(AF48),SUM(AG48*$J$3)," ") | AI48: =IF(ISNUMBER(AF48),IF(AJ48>8,IF(AJ48<10,"ضعيف",IF(AJ48<12,"متوسط",IF(AJ48<14,"جيـد",IF(AG48<17,"جيـد جـدا","ممتاز")))),"ضعيف جـدا"),"غائب") -> غائب | AJ48: =IF(ISNUMBER(AG48),AVERAGE(I48,U48,AG48)," ") | AK48: =IF(ISNUMBER(AF48),IF(AJ48>8,IF(AJ48<10,"ضعيف",IF(AJ48<12,"متوسط",IF(AJ48<14,"جيـد",IF(AJ48<17,"جيـد جـدا","ممتاز")))),"ضعيف جـدا"),"غائب") -> غائب | AL48: =MOD(AB48,0.25) -> 0 | AM48: =MOD(AC48,0.25) -> 0 | AN48: =MOD(AD48,0.25) -> 0 | AO48: =MOD(AF48/3,0.25) -> 0
A49: 42 | G49: =IF(ISNUMBER(E49),AVERAGE(D49:F49)*2," ") | I49: =IF(ISNUMBER(H49),SUM(G49+H49)/5," ") | J49: =IF(ISNUMBER(H49),SUM(I49*$J$3)," ") | K49: =IF(ISNUMBER(H49),IF(I49>8,IF(I49<10,"دون الوسط",IF(I49<12,"متوسط",IF(I49<14,"جيـد",IF(I49<17,"جيـد جـدا","ممتاز")))),"ضعيف جـدا"),"غائب") -> غائب | L49: =MOD(D49,0.25) -> 0 | M49: =MOD(E49,0.25) -> 0 | N49: =MOD(F49,0.25) -> 0 | O49: =MOD(H49/3,0.25) -> 0 | S49: =IF(ISNUMBER(Q49),AVERAGE(P49:R49)*2," ") | U49: =IF(ISNUMBER(T49),SUM(S49+T49)/5," ") | V49: =IF(ISNUMBER(T49),SUM(U49*$J$3)," ") | W49: =IF(ISNUMBER(T49),IF(U49>8,IF(U49<10,"ضعيف",IF(U49<12,"متوسط",IF(U49<14,"جيـد",IF(U49<17,"جيـد جـدا","ممتاز")))),"ضعيف جـدا"),"غائب") -> غائب | X49: =MOD(P49,0.25) -> 0 | Y49: =MOD(Q49,0.25) -> 0 | Z49: =MOD(R49,0.25) -> 0 | AA49: =MOD(T49/3,0.25) -> 0 | AE49: =IF(ISNUMBER(AC49),AVERAGE(AB49:AD49)*2," ") | AG49: =IF(ISNUMBER(AF49),SUM(AE49+AF49)/5," ") | AH49: =IF(ISNUMBER(AF49),SUM(AG49*$J$3)," ") | AI49: =IF(ISNUMBER(AF49),IF(AJ49>8,IF(AJ49<10,"ضعيف",IF(AJ49<12,"متوسط",IF(AJ49<14,"جيـد",IF(AG49<17,"جيـد جـدا","ممتاز")))),"ضعيف جـدا"),"غائب") -> غائب | AJ49: =IF(ISNUMBER(AG49),AVERAGE(I49,U49,AG49)," ") | AK49: =IF(ISNUMBER(AF49),IF(AJ49>8,IF(AJ49<10,"ضعيف",IF(AJ49<12,"متوسط",IF(AJ49<14,"جيـد",IF(AJ49<17,"جيـد جـدا","ممتاز")))),"ضعيف جـدا"),"غائب") -> غائب | AL49: =MOD(AB49,0.25) -> 0 | AM49: =MOD(AC49,0.25) -> 0 | AN49: =MOD(AD49,0.25) -> 0 | AO49: =MOD(AF49/3,0.25) -> 0
A50: 43 | G50: =IF(ISNUMBER(E50),AVERAGE(D50:F50)*2," ") | I50: =IF(ISNUMBER(H50),SUM(G50+H50)/5," ") | J50: =IF(ISNUMBER(H50),SUM(I50*$J$3)," ") | K50: =IF(ISNUMBER(H50),IF(I50>8,IF(I50<10,"دون الوسط",IF(I50<12,"متوسط",IF(I50<14,"جيـد",IF(I50<17,"جيـد جـدا","ممتاز")))),"ضعيف جـدا"),"غائب") -> غائب | L50: =MOD(D50,0.25) -> 0 | M50: =MOD(E50,0.25) -> 0 | N50: =MOD(F50,0.25) -> 0 | O50: =MOD(H50/3,0.25) -> 0 | S50: =IF(ISNUMBER(Q50),AVERAGE(P50:R50)*2," ") | U50: =IF(ISNUMBER(T50),SUM(S50+T50)/5," ") | V50: =IF(ISNUMBER(T50),SUM(U50*$J$3)," ") | W50: =IF(ISNUMBER(T50),IF(U50>8,IF(U50<10,"ضعيف",IF(U50<12,"متوسط",IF(U50<14,"جيـد",IF(U50<17,"جيـد جـدا","ممتاز")))),"ضعيف جـدا"),"غائب") -> غائب | X50: =MOD(P50,0.25) -> 0 | Y50: =MOD(Q50,0.25) -> 0 | Z50: =MOD(R50,0.25) -> 0 | AA50: =MOD(T50/3,0.25) -> 0 | AE50: =IF(ISNUMBER(AC50),AVERAGE(AB50:AD50)*2," ") | AG50: =IF(ISNUMBER(AF50),SUM(AE50+AF50)/5," ") | AH50: =IF(ISNUMBER(AF50),SUM(AG50*$J$3)," ") | AI50: =IF(ISNUMBER(AF50),IF(AJ50>8,IF(AJ50<10,"ضعيف",IF(AJ50<12,"متوسط",IF(AJ50<14,"جيـد",IF(AG50<17,"جيـد جـدا","ممتاز")))),"ضعيف جـدا"),"غائب") -> غائب | AJ50: =IF(ISNUMBER(AG50),AVERAGE(I50,U50,AG50)," ") | AK50: =IF(ISNUMBER(AF50),IF(AJ50>8,IF(AJ50<10,"ضعيف",IF(AJ50<12,"متوسط",IF(AJ50<14,"جيـد",IF(AJ50<17,"جيـد جـدا","ممتاز")))),"ضعيف جـدا"),"غائب") -> غائب | AL50: =MOD(AB50,0.25) -> 0 | AM50: =MOD(AC50,0.25) -> 0 | AN50: =MOD(AD50,0.25) -> 0 | AO50: =MOD(AF50/3,0.25) -> 0
A51: 44 | G51: =IF(ISNUMBER(E51),AVERAGE(D51:F51)*2," ") | I51: =IF(ISNUMBER(H51),SUM(G51+H51)/5," ") | J51: =IF(ISNUMBER(H51),SUM(I51*$J$3)," ") | K51: =IF(ISNUMBER(H51),IF(I51>8,IF(I51<10,"دون الوسط",IF(I51<12,"متوسط",IF(I51<14,"جيـد",IF(I51<17,"جيـد جـدا","ممتاز")))),"ضعيف جـدا"),"غائب") -> غائب | L51: =MOD(D51,0.25) -> 0 | M51: =MOD(E51,0.25) -> 0 | N51: =MOD(F51,0.25) -> 0 | O51: =MOD(H51/3,0.25) -> 0 | S51: =IF(ISNUMBER(Q51),AVERAGE(P51:R51)*2," ") | U51: =IF(ISNUMBER(T51),SUM(S51+T51)/5," ") | V51: =IF(ISNUMBER(T51),SUM(U51*$J$3)," ") | W51: =IF(ISNUMBER(T51),IF(U51>8,IF(U51<10,"ضعيف",IF(U51<12,"متوسط",IF(U51<14,"جيـد",IF(U51<17,"جيـد جـدا","ممتاز")))),"ضعيف جـدا"),"غائب") -> غائب | X51: =MOD(P51,0.25) -> 0 | Y51: =MOD(Q51,0.25) -> 0 | Z51: =MOD(R51,0.25) -> 0 | AA51: =MOD(T51/3,0.25) -> 0 | AE51: =IF(ISNUMBER(AC51),AVERAGE(AB51:AD51)*2," ") | AG51: =IF(ISNUMBER(AF51),SUM(AE51+AF51)/5," ") | AH51: =IF(ISNUMBER(AF51),SUM(AG51*$J$3)," ") | AI51: =IF(ISNUMBER(AF51),IF(AJ51>8,IF(AJ51<10,"ضعيف",IF(AJ51<12,"متوسط",IF(AJ51<14,"جيـد",IF(AG51<17,"جيـد جـدا","ممتاز")))),"ضعيف جـدا"),"غائب") -> غائب | AJ51: =IF(ISNUMBER(AG51),AVERAGE(I51,U51,AG51)," ") | AK51: =IF(ISNUMBER(AF51),IF(AJ51>8,IF(AJ51<10,"ضعيف",IF(AJ51<12,"متوسط",IF(AJ51<14,"جيـد",IF(AJ51<17,"جيـد جـدا","ممتاز")))),"ضعيف جـدا"),"غائب") -> غائب | AL51: =MOD(AB51,0.25) -> 0 | AM51: =MOD(AC51,0.25) -> 0 | AN51: =MOD(AD51,0.25) -> 0 | AO51: =MOD(AF51/3,0.25) -> 0
A52: 45 | G52: =IF(ISNUMBER(E52),AVERAGE(D52:F52)*2," ") | I52: =IF(ISNUMBER(H52),SUM(G52+H52)/5," ") | J52: =IF(ISNUMBER(H52),SUM(I52*$J$3)," ") | K52: =IF(ISNUMBER(H52),IF(I52>8,IF(I52<10,"دون الوسط",IF(I52<12,"متوسط",IF(I52<14,"جيـد",IF(I52<17,"جيـد جـدا","ممتاز")))),"ضعيف جـدا"),"غائب") -> غائب | L52: =MOD(D52,0.25) -> 0 | M52: =MOD(E52,0.25) -> 0 | N52: =MOD(F52,0.25) -> 0 | O52: =MOD(H52/3,0.25) -> 0 | S52: =IF(ISNUMBER(Q52),AVERAGE(P52:R52)*2," ") | U52: =IF(ISNUMBER(T52),SUM(S52+T52)/5," ") | V52: =IF(ISNUMBER(T52),SUM(U52*$J$3)," ") | W52: =IF(ISNUMBER(T52),IF(U52>8,IF(U52<10,"ضعيف",IF(U52<12,"متوسط",IF(U52<14,"جيـد",IF(U52<17,"جيـد جـدا","ممتاز")))),"ضعيف جـدا"),"غائب") -> غائب | X52: =MOD(P52,0.25) -> 0 | Y52: =MOD(Q52,0.25) -> 0 | Z52: =MOD(R52,0.25) -> 0 | AA52: =MOD(T52/3,0.25) -> 0 | AE52: =IF(ISNUMBER(AC52),AVERAGE(AB52:AD52)*2," ") | AG52: =IF(ISNUMBER(AF52),SUM(AE52+AF52)/5," ") | AH52: =IF(ISNUMBER(AF52),SUM(AG52*$J$3)," ") | AI52: =IF(ISNUMBER(AF52),IF(AJ52>8,IF(AJ52<10,"ضعيف",IF(AJ52<12,"متوسط",IF(AJ52<14,"جيـد",IF(AG52<17,"جيـد جـدا","ممتاز")))),"ضعيف جـدا"),"غائب") -> غائب | AJ52: =IF(ISNUMBER(AG52),AVERAGE(I52,U52,AG52)," ") | AK52: =IF(ISNUMBER(AF52),IF(AJ52>8,IF(AJ52<10,"ضعيف",IF(AJ52<12,"متوسط",IF(AJ52<14,"جيـد",IF(AJ52<17,"جيـد جـدا","ممتاز")))),"ضعيف جـدا"),"غائب") -> غائب | AL52: =MOD(AB52,0.25) -> 0 | AM52: =MOD(AC52,0.25) -> 0 | AN52: =MOD(AD52,0.25) -> 0 | AO52: =MOD(AF52/3,0.25) -> 0
A53: 46 | G53: =IF(ISNUMBER(E53),AVERAGE(D53:F53)*2," ") | I53: =IF(ISNUMBER(H53),SUM(G53+H53)/5," ") | J53: =IF(ISNUMBER(H53),SUM(I53*$J$3)," ") | K53: =IF(ISNUMBER(H53),IF(I53>8,IF(I53<10,"دون الوسط",IF(I53<12,"متوسط",IF(I53<14,"جيـد",IF(I53<17,"جيـد جـدا","ممتاز")))),"ضعيف جـدا"),"غائب") -> غائب | L53: =MOD(D53,0.25) -> 0 | M53: =MOD(E53,0.25) -> 0 | N53: =MOD(F53,0.25) -> 0 | O53: =MOD(H53/3,0.25) -> 0 | S53: =IF(ISNUMBER(Q53),AVERAGE(P53:R53)*2," ") | U53: =IF(ISNUMBER(T53),SUM(S53+T53)/5," ") | V53: =IF(ISNUMBER(T53),SUM(U53*$J$3)," ") | W53: =IF(ISNUMBER(T53),IF(U53>8,IF(U53<10,"ضعيف",IF(U53<12,"متوسط",IF(U53<14,"جيـد",IF(U53<17,"جيـد جـدا","ممتاز")))),"ضعيف جـدا"),"غائب") -> غائب | X53: =MOD(P53,0.25) -> 0 | Y53: =MOD(Q53,0.25) -> 0 | Z53: =MOD(R53,0.25) -> 0 | AA53: =MOD(T53/3,0.25) -> 0 | AE53: =IF(ISNUMBER(AC53),AVERAGE(AB53:AD53)*2," ") | AG53: =IF(ISNUMBER(AF53),SUM(AE53+AF53)/5," ") | AH53: =IF(ISNUMBER(AF53),SUM(AG53*$J$3)," ") | AI53: =IF(ISNUMBER(AF53),IF(AJ53>8,IF(AJ53<10,"ضعيف",IF(AJ53<12,"متوسط",IF(AJ53<14,"جيـد",IF(AG53<17,"جيـد جـدا","ممتاز")))),"ضعيف جـدا"),"غائب") -> غائب | AJ53: =IF(ISNUMBER(AG53),AVERAGE(I53,U53,AG53)," ") | AK53: =IF(ISNUMBER(AF53),IF(AJ53>8,IF(AJ53<10,"ضعيف",IF(AJ53<12,"متوسط",IF(AJ53<14,"جيـد",IF(AJ53<17,"جيـد جـدا","ممتاز")))),"ضعيف جـدا"),"غائب") -> غائب | AL53: =MOD(AB53,0.25) -> 0 | AM53: =MOD(AC53,0.25) -> 0 | AN53: =MOD(AD53,0.25) -> 0 | AO53: =MOD(AF53/3,0.25) -> 0
A54: 47 | G54: =IF(ISNUMBER(E54),AVERAGE(D54:F54)*2," ") | I54: =IF(ISNUMBER(H54),SUM(G54+H54)/5," ") | J54: =IF(ISNUMBER(H54),SUM(I54*$J$3)," ") | K54: =IF(ISNUMBER(H54),IF(I54>8,IF(I54<10,"دون الوسط",IF(I54<12,"متوسط",IF(I54<14,"جيـد",IF(I54<17,"جيـد جـدا","ممتاز")))),"ضعيف جـدا"),"غائب") -> غائب | L54: =MOD(D54,0.25) -> 0 | M54: =MOD(E54,0.25) -> 0 | N54: =MOD(F54,0.25) -> 0 | O54: =MOD(H54/3,0.25) -> 0 | S54: =IF(ISNUMBER(Q54),AVERAGE(P54:R54)*2," ") | U54: =IF(ISNUMBER(T54),SUM(S54+T54)/5," ") | V54: =IF(ISNUMBER(T54),SUM(U54*$J$3)," ") | W54: =IF(ISNUMBER(T54),IF(U54>8,IF(U54<10,"ضعيف",IF(U54<12,"متوسط",IF(U54<14,"جيـد",IF(U54<17,"جيـد جـدا","ممتاز")))),"ضعيف جـدا"),"غائب") -> غائب | X54: =MOD(P54,0.25) -> 0 | Y54: =MOD(Q54,0.25) -> 0 | Z54: =MOD(R54,0.25) -> 0 | AA54: =MOD(T54/3,0.25) -> 0 | AE54: =IF(ISNUMBER(AC54),AVERAGE(AB54:AD54)*2," ") | AG54: =IF(ISNUMBER(AF54),SUM(AE54+AF54)/5," ") | AH54: =IF(ISNUMBER(AF54),SUM(AG54*$J$3)," ") | AI54: =IF(ISNUMBER(AF54),IF(AJ54>8,IF(AJ54<10,"ضعيف",IF(AJ54<12,"متوسط",IF(AJ54<14,"جيـد",IF(AG54<17,"جيـد جـدا","ممتاز")))),"ضعيف جـدا"),"غائب") -> غائب | AJ54: =IF(ISNUMBER(AG54),AVERAGE(I54,U54,AG54)," ") | AK54: =IF(ISNUMBER(AF54),IF(AJ54>8,IF(AJ54<10,"ضعيف",IF(AJ54<12,"متوسط",IF(AJ54<14,"جيـد",IF(AJ54<17,"جيـد جـدا","ممتاز")))),"ضعيف جـدا"),"غائب") -> غائب | AL54: =MOD(AB54,0.25) -> 0 | AM54: =MOD(AC54,0.25) -> 0 | AN54: =MOD(AD54,0.25) -> 0 | AO54: =MOD(AF54/3,0.25) -> 0
A55: 48 | G55: =IF(ISNUMBER(E55),AVERAGE(D55:F55)*2," ") | I55: =IF(ISNUMBER(H55),SUM(G55+H55)/5," ") | J55: =IF(ISNUMBER(H55),SUM(I55*$J$3)," ") | K55: =IF(ISNUMBER(H55),IF(I55>8,IF(I55<10,"دون الوسط",IF(I55<12,"متوسط",IF(I55<14,"جيـد",IF(I55<17,"جيـد جـدا","ممتاز")))),"ضعيف جـدا"),"غائب") -> غائب | L55: =MOD(D55,0.25) -> 0 | M55: =MOD(E55,0.25) -> 0 | N55: =MOD(F55,0.25) -> 0 | O55: =MOD(H55/3,0.25) -> 0 | S55: =IF(ISNUMBER(Q55),AVERAGE(P55:R55)*2," ") | U55: =IF(ISNUMBER(T55),SUM(S55+T55)/5," ") | V55: =IF(ISNUMBER(T55),SUM(U55*$J$3)," ") | W55: =IF(ISNUMBER(T55),IF(U55>8,IF(U55<10,"ضعيف",IF(U55<12,"متوسط",IF(U55<14,"جيـد",IF(U55<17,"جيـد جـدا","ممتاز")))),"ضعيف جـدا"),"غائب") -> غائب | X55: =MOD(P55,0.25) -> 0 | Y55: =MOD(Q55,0.25) -> 0 | Z55: =MOD(R55,0.25) -> 0 | AA55: =MOD(T55/3,0.25) -> 0 | AE55: =IF(ISNUMBER(AC55),AVERAGE(AB55:AD55)*2," ") | AG55: =IF(ISNUMBER(AF55),SUM(AE55+AF55)/5," ") | AH55: =IF(ISNUMBER(AF55),SUM(AG55*$J$3)," ") | AI55: =IF(ISNUMBER(AF55),IF(AJ55>8,IF(AJ55<10,"ضعيف",IF(AJ55<12,"متوسط",IF(AJ55<14,"جيـد",IF(AG55<17,"جيـد جـدا","ممتاز")))),"ضعيف جـدا"),"غائب") -> غائب | AJ55: =IF(ISNUMBER(AG55),AVERAGE(I55,U55,AG55)," ") | AK55: =IF(ISNUMBER(AF55),IF(AJ55>8,IF(AJ55<10,"ضعيف",IF(AJ55<12,"متوسط",IF(AJ55<14,"جيـد",IF(AJ55<17,"جيـد جـدا","ممتاز")))),"ضعيف جـدا"),"غائب") -> غائب | AL55: =MOD(AB55,0.25) -> 0 | AM55: =MOD(AC55,0.25) -> 0 | AN55: =MOD(AD55,0.25) -> 0 | AO55: =MOD(AF55/3,0.25) -> 0
A56: 49 | G56: =IF(ISNUMBER(E56),AVERAGE(D56:F56)*2," ") | I56: =IF(ISNUMBER(H56),SUM(G56+H56)/5," ") | J56: =IF(ISNUMBER(H56),SUM(I56*$J$3)," ") | K56: =IF(ISNUMBER(H56),IF(I56>8,IF(I56<10,"دون الوسط",IF(I56<12,"متوسط",IF(I56<14,"جيـد",IF(I56<17,"جيـد جـدا","ممتاز")))),"ضعيف جـدا"),"غائب") -> غائب | L56: =MOD(D56,0.25) -> 0 | M56: =MOD(E56,0.25) -> 0 | N56: =MOD(F56,0.25) -> 0 | O56: =MOD(H56/3,0.25) -> 0 | S56: =IF(ISNUMBER(Q56),AVERAGE(P56:R56)*2," ") | U56: =IF(ISNUMBER(T56),SUM(S56+T56)/5," ") | V56: =IF(ISNUMBER(T56),SUM(U56*$J$3)," ") | W56: =IF(ISNUMBER(T56),IF(U56>8,IF(U56<10,"ضعيف",IF(U56<12,"متوسط",IF(U56<14,"جيـد",IF(U56<17,"جيـد جـدا","ممتاز")))),"ضعيف جـدا"),"غائب") -> غائب | X56: =MOD(P56,0.25) -> 0 | Y56: =MOD(Q56,0.25) -> 0 | Z56: =MOD(R56,0.25) -> 0 | AA56: =MOD(T56/3,0.25) -> 0 | AE56: =IF(ISNUMBER(AC56),AVERAGE(AB56:AD56)*2," ") | AG56: =IF(ISNUMBER(AF56),SUM(AE56+AF56)/5," ") | AH56: =IF(ISNUMBER(AF56),SUM(AG56*$J$3)," ") | AI56: =IF(ISNUMBER(AF56),IF(AJ56>8,IF(AJ56<10,"ضعيف",IF(AJ56<12,"متوسط",IF(AJ56<14,"جيـد",IF(AG56<17,"جيـد جـدا","ممتاز")))),"ضعيف جـدا"),"غائب") -> غائب | AJ56: =IF(ISNUMBER(AG56),AVERAGE(I56,U56,AG56)," ") | AK56: =IF(ISNUMBER(AF56),IF(AJ56>8,IF(AJ56<10,"ضعيف",IF(AJ56<12,"متوسط",IF(AJ56<14,"جيـد",IF(AJ56<17,"جيـد جـدا","ممتاز")))),"ضعيف جـدا"),"غائب") -> غائب | AL56: =MOD(AB56,0.25) -> 0 | AM56: =MOD(AC56,0.25) -> 0 | AN56: =MOD(AD56,0.25) -> 0 | AO56: =MOD(AF56/3,0.25) -> 0
A57: 50 | G57: =IF(ISNUMBER(E57),AVERAGE(D57:F57)*2," ") | I57: =IF(ISNUMBER(H57),SUM(G57+H57)/5," ") | J57: =IF(ISNUMBER(H57),SUM(I57*$J$3)," ") | K57: =IF(ISNUMBER(H57),IF(I57>8,IF(I57<10,"دون الوسط",IF(I57<12,"متوسط",IF(I57<14,"جيـد",IF(I57<17,"جيـد جـدا","ممتاز")))),"ضعيف جـدا"),"غائب") -> غائب | L57: =MOD(D57,0.25) -> 0 | M57: =MOD(E57,0.25) -> 0 | N57: =MOD(F57,0.25) -> 0 | O57: =MOD(H57/3,0.25) -> 0 | S57: =IF(ISNUMBER(Q57),AVERAGE(P57:R57)*2," ") | U57: =IF(ISNUMBER(T57),SUM(S57+T57)/5," ") | V57: =IF(ISNUMBER(T57),SUM(U57*$J$3)," ") | W57: =IF(ISNUMBER(T57),IF(U57>8,IF(U57<10,"ضعيف",IF(U57<12,"متوسط",IF(U57<14,"جيـد",IF(U57<17,"جيـد جـدا","ممتاز")))),"ضعيف جـدا"),"غائب") -> غائب | X57: =MOD(P57,0.25) -> 0 | Y57: =MOD(Q57,0.25) -> 0 | Z57: =MOD(R57,0.25) -> 0 | AA57: =MOD(T57/3,0.25) -> 0 | AE57: =IF(ISNUMBER(AC57),AVERAGE(AB57:AD57)*2," ") | AG57: =IF(ISNUMBER(AF57),SUM(AE57+AF57)/5," ") | AH57: =IF(ISNUMBER(AF57),SUM(AG57*$J$3)," ") | AI57: =IF(ISNUMBER(AF57),IF(AJ57>8,IF(AJ57<10,"ضعيف",IF(AJ57<12,"متوسط",IF(AJ57<14,"جيـد",IF(AG57<17,"جيـد جـدا","ممتاز")))),"ضعيف جـدا"),"غائب") -> غائب | AJ57: =IF(ISNUMBER(AG57),AVERAGE(I57,U57,AG57)," ") | AK57: =IF(ISNUMBER(AF57),IF(AJ57>8,IF(AJ57<10,"ضعيف",IF(AJ57<12,"متوسط",IF(AJ57<14,"جيـد",IF(AJ57<17,"جيـد جـدا","ممتاز")))),"ضعيف جـدا"),"غائب") -> غائب | AL57: =MOD(AB57,0.25) -> 0 | AM57: =MOD(AC57,0.25) -> 0 | AN57: =MOD(AD57,0.25) -> 0 | AO57: =MOD(AF57/3,0.25) -> 0
B59: اكبر من 10: | C59: =COUNTIF(I8:I57,">=10") -> 28 | D59: النسبة: | E59: =AVERAGE(C59/(C59+C60)) -> 0.73684211 | F59: أحسن معدل: | G59: =MAX(I8:I57) -> 19.2 | H59: معدل القسم: | I59: =AVERAGEIF(I8:I57,">0") -> 11.568421 | P59: اكبر من 10: | Q59: =COUNTIF(U8:U57,">=10") -> 28 | R59: النسبة: | S59: =AVERAGE(Q59/(Q59+Q60)) -> 0.73684211 | T59: احسن معدل: | U59: =MAX(U8:U57) -> 19.2 | V59: معدل القسم: | W59: =AVERAGEIF(U8:U57,">0") -> 11.568421 | AB59: اكبر من 10: | AC59: =COUNTIF(AG8:AG57,">=10") -> 28 | AE59: النسبة: | AF59: =AVERAGE(AC59/(AC59+AC60)) -> 0.73684211 | AH59: احسن معدل: | AI59: =MAX(AG8:AG57) -> 19.2 | AJ59: معدل القسم: | AK59: =AVERAGEIF(AG8:AG57,">0") -> 11.571053
B60: اصغر من 10: | C60: =COUNTIF(I8:I57,"<10") -> 10 | D60: النسبة: | E60: =AVERAGE(C60/(C59+C60)) -> 0.26315789 | F60: أسوء معدل: | G60: =MIN(I8:I57) -> 3.4 | P60: اصغر من 10: | Q60: =COUNTIF(U8:U57,"<10") -> 10 | R60: النسبة: | S60: =AVERAGE(Q60/(Q59+Q60)) -> 0.26315789 | T60: أسوء معدل: | U60: =MIN(U8:U57) -> 3.4 | AB60: اصغر من 10: | AC60: =COUNTIF(AG8:AG57,"<10") -> 10 | AE60: النسبة: | AF60: =AVERAGE(AC60/(AC59+AC60)) -> 0.26315789 | AH60: أسوء معدل: | AI60: =MIN(AG8:AG57) -> 3.4
AD62: الـنتـائج السنويـة لـقـســم: | AF62: =HYPERLINK(C4) -> 4م1
AB64: اكبر من 10: | AC64: =COUNTIF(AJ8:AJ57,">=10") -> 28 | AE64: النسبة: | AF64: =AVERAGE(AC64/(AC64+AC65)) -> 0.73684211 | AH64: احسن معدل سنوي: | AI64: =MAX(AJ12:AJ61) -> 19.2 | AJ64: المعدل السنوي للقسم: | AK64: =AVERAGEIF(AJ8:AJ57,">0") -> 11.569298
AB65: اصغر من 10: | AC65: =COUNTIF(AJ8:AJ57,"<10") -> 10 | AE65: النسبة: | AF65: =AVERAGE(AC65/(AC64+AC65)) -> 0.26315789 | AH65: أسوء معدل سنوي: | AI65: =MIN(AJ12:AJ61) -> 3.4

Sheet نتائج فردية
B2: من 00.00 الى 05.00 | D2: =COUNTIF('نتائج القسم'!I8:I57,">=0.00")-COUNTIF('نتائج القسم'!I8:I57,">05.00") -> 1 | H2: من 00.00 الى 05.00 | J2: =COUNTIF('نتائج القسم'!U8:U57,">=0.00")-COUNTIF('نتائج القسم'!U8:U57,">05.00") -> 1 | N2: من 00.00 الى 05.00 | P2: =COUNTIF('نتائج القسم'!AG8:AG57,">=0.00")-COUNTIF('نتائج القسم'!AG8:AG57,">05.00") -> 1
B4: من 05.01 الى 08.00 | D4: =COUNTIF('نتائج القسم'!I8:I57,">=5.01")-COUNTIF('نتائج القسم'!I8:I57,">8.00") -> 8 | H4: من 05.01 الى 08.00 | J4: =COUNTIF('نتائج القسم'!U8:U57,">=5.01")-COUNTIF('نتائج القسم'!U8:U57,">8.00") -> 8 | N4: من 05.01 الى 08.00 | P4: =COUNTIF('نتائج القسم'!AG8:AG57,">=05.01")-COUNTIF('نتائج القسم'!AG8:AG57,">08.00") -> 8
B6: من 08.01 الى 09.99 | D6: =COUNTIF('نتائج القسم'!I8:I57,">=8.01")-COUNTIF('نتائج القسم'!I8:I57,">9.99") -> 1 | H6: من 08.01 الى 09.99 | J6: =COUNTIF('نتائج القسم'!U8:U57,">=8.01")-COUNTIF('نتائج القسم'!U8:U57,">9.99") -> 1 | N6: من 08.01 الى 09.99 | P6: =COUNTIF('نتائج القسم'!AG8:AG57,">=08.01")-COUNTIF('نتائج القسم'!AG8:AG57,">09.99") -> 1
B8: من 10.00 الى 11.99 | D8: =COUNTIF('نتائج القسم'!I8:I57,">=10.00")-COUNTIF('نتائج القسم'!I8:I57,">11.99") -> 9 | H8: من 10.00 الى 11.99 | J8: =COUNTIF('نتائج القسم'!U8:U57,">=10.00")-COUNTIF('نتائج القسم'!U8:U57,">11.99") -> 9 | N8: من 10.00 الى 11.99 | P8: =COUNTIF('نتائج القسم'!AG8:AG57,">=10.00")-COUNTIF('نتائج القسم'!AG8:AG57,">11.99") -> 9
B10: من 12.00 الى 13.99 | D10: =COUNTIF('نتائج القسم'!I8:I57,">=12.00")-COUNTIF('نتائج القسم'!I8:I57,">13.99") -> 8 | H10: من 12.00 الى 13.99 | J10: =COUNTIF('نتائج القسم'!U8:U57,">=12.00")-COUNTIF('نتائج القسم'!U8:U57,">13.99") -> 8 | N10: من 12.00 الى 13.99 | P10: =COUNTIF('نتائج القسم'!AG8:AG57,">=12.00")-COUNTIF('نتائج القسم'!AG8:AG57,">13.99") -> 8
B12: من 14.00 الى 15.99 | D12: =COUNTIF('نتائج القسم'!I8:I57,">=14.00")-COUNTIF('نتائج القسم'!I8:I57,">15.99") -> 9 | H12: من 14.00 الى 15.99 | J12: =COUNTIF('نتائج القسم'!U8:U57,">=14.00")-COUNTIF('نتائج القسم'!U8:U57,">15.99") -> 9 | N12: من 14.00 الى 15.99 | P12: =COUNTIF('نتائج القسم'!AG8:AG57,">=14.00")-COUNTIF('نتائج القسم'!AG8:AG57,">15.99") -> 9
B14: من 16.00 الى 17.99 | D14: =COUNTIF('نتائج القسم'!I8:I57,">=16.00")-COUNTIF('نتائج القسم'!I8:I57,">17.99") -> 1 | H14: من 16.00 الى 17.99 | J14: =COUNTIF('نتائج القسم'!U8:U57,">=16.00")-COUNTIF('نتائج القسم'!U8:U57,">17.99") -> 1 | N14: من 16.00 الى 17.99 | P14: =COUNTIF('نتائج القسم'!AG8:AG57,">=16.00")-COUNTIF('نتائج القسم'!AG8:AG57,">17.99") -> 1
B16: من 18.00 الى 20.00 | D16: =COUNTIF('نتائج القسم'!I8:I57,">=18.00") -> 1 | H16: من 18.00 الى 20.00 | J16: =COUNTIF('نتائج القسم'!U8:U57,">=18.00") -> 1 | N16: من 18.00 الى 20.00 | P16: =COUNTIF('نتائج القسم'!AG8:AG57,">=18.00") -> 1
P17: =IF(ISNUMBER(Y18),IF(Y18>$N$3,IF(Y18<$N$4,"إنــــــذار",IF(Y18<$N$5,"تنــبيــــه",IF(Y18<$N$6,"مـتـوســـــط",IF(Y18<$N$7,"لـوحة شـرف",IF(Y18<$N$8,"تـشـجيـــــع",IF(Y18<$N$9,"تـهـنـئــــة","إمتــيــــاز")))))),"تـوبـيــخ")," ")
B18: المجموع | D18: =SUM(D2,D4,D6,D8,D10,D12,D14,D16) -> 38 | H18: المجموع | J18: =SUM(J2,J4,J6,J8,J10,J12,J14,J16) -> 38 | N18: المجموع | P18: =SUM(P2,P4,P6,P8,P10,P12,P14,P16) -> 38
D21: من 00.00 الى 05.00 | F21: =COUNTIF('نتائج القسم'!AJ8:AJ57,">=00.00")-COUNTIF('نتائج القسم'!AJ8:AJ57,">05.00") -> 1
D23: من 05.01 الى 08.00 | F23: =COUNTIF('نتائج القسم'!AJ8:AJ57,">=05.01")-COUNTIF('نتائج القسم'!AJ8:AJ57,">08.00") -> 8
D25: من 08.01 الى 09.99 | F25: =COUNTIF('نتائج القسم'!AJ8:AJ57,">=08.01")-COUNTIF('نتائج القسم'!AJ8:AJ57,">09.99") -> 1
D27: من 10.00 الى 11.99 | F27: =COUNTIF('نتائج القسم'!AJ8:AJ57,">=10.00")-COUNTIF('نتائج القسم'!AJ8:AJ57,">11.99") -> 9
D29: من 12.00 الى 13.99 | F29: =COUNTIF('نتائج القسم'!AJ8:AJ57,">=12.00")-COUNTIF('نتائج القسم'!AJ8:AJ57,">13.99") -> 8
D31: من 14.00 الى 15.99 | F31: =COUNTIF('نتائج القسم'!AJ8:AJ57,">=14.00")-COUNTIF('نتائج القسم'!AJ8:AJ57,">15.99") -> 9
D33: من 16.00 الى 17.99 | F33: =COUNTIF('نتائج القسم'!AJ8:AJ57,">=16.00")-COUNTIF('نتائج القسم'!AJ8:AJ57,">17.99") -> 1
D35: من 18.00 الى 20.00 | F35: =COUNTIF('نتائج القسم'!AJ8:AJ57,">=18.00") -> 1
B37: المجموع | D37: =SUM(F21,F23,F25,F27,F29,F31,F33,F35) -> 38
E43: =IF(ISNUMBER(D43),IF(D43>$N$3,IF(D43<$N$4,"إنــــــذار",IF(D43<$N$5,"تنــبيـــــه",IF(D43<$N$6,"مـتـوســـــط",IF(D43<$N$7,"لـوحـة شـرف",IF(D43<$N$8,"تـشـجيـــــع",IF(D43<$N$9,"تـهـنـئــــة","إمتــيــــاز")))))),"تـوبـيــخ")," ")
E44: =IF(ISNUMBER(D44),IF(D44>$N$3,IF(D44<$N$4,"إنــــــذار",IF(D44<$N$5,"تنــبيـــــه",IF(D44<$N$6,"مـتـوســـــط",IF(D44<$N$7,"لـوحـة شـرف",IF(D44<$N$8,"تـشـجيـــــع",IF(D44<$N$9,"تـهـنـئــــة","إمتــيــــاز")))))),"تـوبـيــخ")," ")
E45: =IF(ISNUMBER(D45),IF(D45>$N$3,IF(D45<$N$4,"إنــــــذار",IF(D45<$N$5,"تنــبيـــــه",IF(D45<$N$6,"مـتـوســـــط",IF(D45<$N$7,"لـوحـة شـرف",IF(D45<$N$8,"تـشـجيـــــع",IF(D45<$N$9,"تـهـنـئــــة","إمتــيــــاز")))))),"تـوبـيــخ")," ")
E46: =IF(ISNUMBER(D46),IF(D46>$N$3,IF(D46<$N$4,"إنــــــذار",IF(D46<$N$5,"تنــبيـــــه",IF(D46<$N$6,"مـتـوســـــط",IF(D46<$N$7,"لـوحـة شـرف",IF(D46<$N$8,"تـشـجيـــــع",IF(D46<$N$9,"تـهـنـئــــة","إمتــيــــاز")))))),"تـوبـيــخ")," ")
E47: =IF(ISNUMBER(D47),IF(D47>$N$3,IF(D47<$N$4,"إنــــــذار",IF(D47<$N$5,"تنــبيـــــه",IF(D47<$N$6,"مـتـوســـــط",IF(D47<$N$7,"لـوحـة شـرف",IF(D47<$N$8,"تـشـجيـــــع",IF(D47<$N$9,"تـهـنـئــــة","إمتــيــــاز")))))),"تـوبـيــخ")," ")
E48: =IF(ISNUMBER(D48),IF(D48>$N$3,IF(D48<$N$4,"إنــــــذار",IF(D48<$N$5,"تنــبيـــــه",IF(D48<$N$6,"مـتـوســـــط",IF(D48<$N$7,"لـوحـة شـرف",IF(D48<$N$8,"تـشـجيـــــع",IF(D48<$N$9,"تـهـنـئــــة","إمتــيــــاز")))))),"تـوبـيــخ")," ")
E49: =IF(ISNUMBER(D49),IF(D49>$N$3,IF(D49<$N$4,"إنــــــذار",IF(D49<$N$5,"تنــبيـــــه",IF(D49<$N$6,"مـتـوســـــط",IF(D49<$N$7,"لـوحـة شـرف",IF(D49<$N$8,"تـشـجيـــــع",IF(D49<$N$9,"تـهـنـئــــة","إمتــيــــاز")))))),"تـوبـيــخ")," ")
E50: =IF(ISNUMBER(D50),IF(D50>$N$3,IF(D50<$N$4,"إنــــــذار",IF(D50<$N$5,"تنــبيـــــه",IF(D50<$N$6,"مـتـوســـــط",IF(D50<$N$7,"لـوحـة شـرف",IF(D50<$N$8,"تـشـجيـــــع",IF(D50<$N$9,"تـهـنـئــــة","إمتــيــــاز")))))),"تـوبـيــخ")," ")
E51: =IF(ISNUMBER(D51),IF(D51>$N$3,IF(D51<$N$4,"إنــــــذار",IF(D51<$N$5,"تنــبيـــــه",IF(D51<$N$6,"مـتـوســـــط",IF(D51<$N$7,"لـوحـة شـرف",IF(D51<$N$8,"تـشـجيـــــع",IF(D51<$N$9,"تـهـنـئــــة","إمتــيــــاز")))))),"تـوبـيــخ")," ")
E52: =IF(ISNUMBER(D52),IF(D52>$N$3,IF(D52<$N$4,"إنــــــذار",IF(D52<$N$5,"تنــبيـــــه",IF(D52<$N$6,"مـتـوســـــط",IF(D52<$N$7,"لـوحـة شـرف",IF(D52<$N$8,"تـشـجيـــــع",IF(D52<$N$9,"تـهـنـئــــة","إمتــيــــاز")))))),"تـوبـيــخ")," ")
E53: =IF(ISNUMBER(D53),IF(D53>$N$3,IF(D53<$N$4,"إنــــــذار",IF(D53<$N$5,"تنــبيـــــه",IF(D53<$N$6,"مـتـوســـــط",IF(D53<$N$7,"لـوحـة شـرف",IF(D53<$N$8,"تـشـجيـــــع",IF(D53<$N$9,"تـهـنـئــــة","إمتــيــــاز")))))),"تـوبـيــخ")," ")
I55: =IF(ISNUMBER(H55),IF(H55>$N$3,IF(H55<$N$4,"إنــــــذار",IF(H55<$N$5,"تنــبيــــه",IF(H55<$N$6,"مـتـوســـــط",IF(H55<$N$7,"لـوحة شـرف",IF(H55<$N$8,"تـشـجيـــــع",IF(H55<$N$9,"تـهـنـئــــة","إمتــيــــاز")))))),"تـوبـيــخ")," ") | J55: =IF(ISNUMBER(F55),AVERAGE(D55,F55,H55)," ") | K55: =IF(ISNUMBER(H55),IF(J55>9.99,"ينتقل","يعيد"),"")
I56: =IF(ISNUMBER(H56),IF(H56>$N$3,IF(H56<$N$4,"إنــــــذار",IF(H56<$N$5,"تنــبيــــه",IF(H56<$N$6,"مـتـوســـــط",IF(H56<$N$7,"لـوحة شـرف",IF(H56<$N$8,"تـشـجيـــــع",IF(H56<$N$9,"تـهـنـئــــة","إمتــيــــاز")))))),"تـوبـيــخ")," ") | J56: =IF(ISNUMBER(F56),AVERAGE(D56,F56,H56)," ") | K56: =IF(ISNUMBER(H56),IF(J56>9.99,"ينتقل","يعيد"),"")
I57: =IF(ISNUMBER(H57),IF(H57>$N$3,IF(H57<$N$4,"إنــــــذار",IF(H57<$N$5,"تنــبيــــه",IF(H57<$N$6,"مـتـوســـــط",IF(H57<$N$7,"لـوحة شـرف",IF(H57<$N$8,"تـشـجيـــــع",IF(H57<$N$9,"تـهـنـئــــة","إمتــيــــاز")))))),"تـوبـيــخ")," ") | J57: =IF(ISNUMBER(F57),AVERAGE(D57,F57,H57)," ") | K57: =IF(ISNUMBER(H57),IF(J57>9.99,"ينتقل","يعيد"),"")
I58: =IF(ISNUMBER(H58),IF(H58>$N$3,IF(H58<$N$4,"إنــــــذار",IF(H58<$N$5,"تنــبيــــه",IF(H58<$N$6,"مـتـوســـــط",IF(H58<$N$7,"لـوحة شـرف",IF(H58<$N$8,"تـشـجيـــــع",IF(H58<$N$9,"تـهـنـئــــة","إمتــيــــاز")))))),"تـوبـيــخ")," ") | J58: =IF(ISNUMBER(F58),AVERAGE(D58,F58,H58)," ") | K58: =IF(ISNUMBER(H58),IF(J58>9.99,"ينتقل","يعيد"),"")
I59: =IF(ISNUMBER(H59),IF(H59>$N$3,IF(H59<$N$4,"إنــــــذار",IF(H59<$N$5,"تنــبيــــه",IF(H59<$N$6,"مـتـوســـــط",IF(H59<$N$7,"لـوحة شـرف",IF(H59<$N$8,"تـشـجيـــــع",IF(H59<$N$9,"تـهـنـئــــة","إمتــيــــاز")))))),"تـوبـيــخ")," ") | J59: =IF(ISNUMBER(F59),AVERAGE(D59,F59,H59)," ") | K59: =IF(ISNUMBER(H59),IF(J59>9.99,"ينتقل","يعيد"),"")
I60: =IF(ISNUMBER(H60),IF(H60>$N$3,IF(H60<$N$4,"إنــــــذار",IF(H60<$N$5,"تنــبيــــه",IF(H60<$N$6,"مـتـوســـــط",IF(H60<$N$7,"لـوحة شـرف",IF(H60<$N$8,"تـشـجيـــــع",IF(H60<$N$9,"تـهـنـئــــة","إمتــيــــاز")))))),"تـوبـيــخ")," ") | J60: =IF(ISNUMBER(F60),AVERAGE(D60,F60,H60)," ") | K60: =IF(ISNUMBER(H60),IF(J60>9.99,"ينتقل","يعيد"),"")

Sheet اعداد
H5: مديرية التربية لولاية وهران
G10: هذا العمل عبارة عن برنامج يسهل حساب نتائج التلاميذ
H11: اعداد الأستاذ: صوان محمد
H12: 31_med@live.fr
F14: ملاحظة : المعلومات الخاصة بالأستاذ(ة) , قسم , المؤسسة يمكن ملؤها في الفصل الأول فقط !
