Workbook

Sheet 3am1
A1: متوسطة الشهيد ....................................
C2: نتائج الفصل الأول للموسم الدراسي 2023/2024 | I2: 3م1
B5: الأستاذ: ..........................
B6: المادة: علوم فيزيائية وتكنولوجيا
A7: الرقم | B7: اللقب | C7: الاسم | D7: التقويم | E7: الفرض | F7: الاختبار | G7: المعامل | H7: معدل المادة | I7: الملاحظة
A8: 1 | B8: محمد1 | C8: أحمد | D8: 12 | E8: 7 | F8: 5 | G8: 2 | H8: =IF(ISBLANK(B8)," ",(D8+E8+F8*4)/6) -> 6.5
A9: 2 | B9: محمد2 | C9: أحمد | D9: 16 | E9: 17.5 | F9: 15 | G9: 2 | H9: =IF(ISBLANK(B9)," ",(D9+E9+F9*4)/6) -> 15.583333
A10: 3 | B10: محمد3 | C10: أحمد | D10: 16 | E10: 10 | F10: 7.5 | G10: 2 | H10: =IF(ISBLANK(B10)," ",(D10+E10+F10*4)/6) -> 9.3333333
A11: 4 | B11: محمد4 | C11: أحمد | D11: 18 | E11: 16.5 | F11: 15.5 | G11: 2 | H11: =IF(ISBLANK(B11)," ",(D11+E11+F11*4)/6) -> 16.083333
A12: 5 | B12: محمد5 | C12: أحمد | D12: 15 | E12: 13 | F12: 13.5 | G12: 2 | H12: =IF(ISBLANK(B12)," ",(D12+E12+F12*4)/6) -> 13.666667
A13: 6 | B13: محمد6 | C13: أحمد | D13: 18 | E13: 18.5 | F13: 15 | G13: 2 | H13: =IF(ISBLANK(B13)," ",(D13+E13+F13*4)/6) -> 16.083333
A14: 7 | B14: محمد7 | C14: أحمد | D14: 13 | E14: 10.5 | F14: 4 | G14: 2 | H14: =IF(ISBLANK(B14)," ",(D14+E14+F14*4)/6) -> 6.5833333
A15: 8 | B15: محمد8 | C15: أحمد | D15: 16 | E15: 10.5 | F15: 13.5 | G15: 2 | H15: =IF(ISBLANK(B15)," ",(D15+E15+F15*4)/6) -> 13.416667
A16: 9 | B16: محمد9 | C16: أحمد | D16: 15 | E16: 16.5 | F16: 10 | G16: 2 | H16: =IF(ISBLANK(B16)," ",(D16+E16+F16*4)/6) -> 11.916667
A17: 10 | B17: محمد10 | C17: أحمد | D17: 18 | E17: 16.5 | F17: 16.5 | G17: 2 | H17: =IF(ISBLANK(B17)," ",(D17+E17+F17*4)/6) -> 16.75
A18: 11 | B18: محمد11 | C18: أحمد | D18: 16 | E18: 5.5 | F18: 10 | G18: 2 | H18: =IF(ISBLANK(B18)," ",(D18+E18+F18*4)/6) -> 10.25
A19: 12 | B19: محمد12 | C19: أحمد | D19: 14 | E19: 13.5 | F19: 10 | G19: 2 | H19: =IF(ISBLANK(B19)," ",(D19+E19+F19*4)/6) -> 11.25
... A45: 38 | B45: محمد38 | C45: أحمد | D45: 15 | E45: 6 | F45: 12.5 | G45: 2 | H45: =IF(ISBLANK(B45)," ",(D45+E45+F45*4)/6) -> 11.833333
A46: 39 | G46: 2 | H46: =IF(ISBLANK(B46)," ",(D46+E46+F46*4)/6)
A47: 40 | G47: 2 | H47: =IF(ISBLANK(B47)," ",(D47+E47+F47*4)/6)
A48: 41 | G48: 2 | H48: =IF(ISBLANK(B48)," ",(D48+E48+F48*4)/6)
A49: 42 | G49: 2 | H49: =IF(ISBLANK(B49)," ",(D49+E49+F49*4)/6)
A50: 43 | G50: 2 | H50: =IF(ISBLANK(B50)," ",(D50+E50+F50*4)/6)
A51: 44 | G51: 2 | H51: =IF(ISBLANK(B51)," ",(D51+E51+F51*4)/6)
A52: 45 | G52: 2 | H52: =IF(ISBLANK(B52)," ",(D52+E52+F52*4)/6)
A53: 46 | G53: 2 | H53: =IF(ISBLANK(B53)," ",(D53+E53+F53*4)/6)
A54: 47 | G54: 2 | H54: =IF(ISBLANK(B54)," ",(D54+E54+F54*4)/6)
A55: 48 | G55: 2 | H55: =IF(ISBLANK(B55)," ",(D55+E55+F55*4)/6)
A56: 49 | G56: 2 | H56: =IF(ISBLANK(B56)," ",(D56+E56+F56*4)/6)
A57: 50 | G57: 2 | H57: =IF(ISBLANK(B57)," ",(D57+E57+F57*4)/6)
... A66: 59 | G66: 2 | H66: =IF(ISBLANK(B66)," ",(D66+E66+F66*4)/6)
B68: تعداد القسم | D68: =COUNTA(B8:B66) -> 38
B69: الناجحين | D69: =COUNTIF(H8:H66,">=10") -> 27 | E69: =D69/D68 -> 0.71052632
B70: الراسبين | D70: =COUNTIF(H8:H66,"<10") -> 11 | E70: =D70/D68 -> 0.28947368
B71: معدل المادة | D71: =AVERAGE(H8:H66) -> 12.234649

Sheet 3am2
A1: متوسطة الشهيد ..........................
C2: نتائج الفصل الأول للموسم الدراسي 2022/2023 | I2: 3م2
B5: الأستاذ: .........................
B6: المادة: علوم فيزيائية وتكنولوجيا
A7: الرقم | B7: اللقب | C7: الاسم | D7: التقويم | E7: الفرض | F7: الاختبار | G7: المعامل | H7: معدل المادة | I7: الملاحظة
A8: 1 | B8: محمد1 | C8: أحمد | D8: 16 | E8: 14 | F8: 7 | G8: 2 | H8: =IF(ISBLANK(B8)," ",(D8+E8+F8*4)/6) -> 9.6666667
A9: 2 | B9: محمد2 | C9: أحمد | D9: 18 | E9: 17.5 | F9: 17.5 | G9: 2 | H9: =IF(ISBLANK(B9)," ",(D9+E9+F9*4)/6) -> 17.583333
A10: 3 | B10: محمد3 | C10: أحمد | D10: 16 | E10: 13.5 | F10: 11 | G10: 2 | H10: =IF(ISBLANK(B10)," ",(D10+E10+F10*4)/6) -> 12.25
A11: 4 | B11: محمد4 | C11: أحمد | D11: 16 | E11: 11 | F11: 15.5 | G11: 2 | H11: =IF(ISBLANK(B11)," ",(D11+E11+F11*4)/6) -> 14.833333
A12: 5 | B12: محمد5 | C12: أحمد | D12: 12 | E12: 6.5 | F12: 2.5 | G12: 2 | H12: =IF(ISBLANK(B12)," ",(D12+E12+F12*4)/6) -> 4.75
A13: 6 | B13: محمد6 | C13: أحمد | D13: 15 | E13: 10 | F13: 12 | G13: 2 | H13: =IF(ISBLANK(B13)," ",(D13+E13+F13*4)/6) -> 12.166667
A14: 7 | B14: محمد7 | C14: أحمد | D14: 14 | E14: 14 | F14: 14.5 | G14: 2 | H14: =IF(ISBLANK(B14)," ",(D14+E14+F14*4)/6) -> 14.333333
A15: 8 | B15: محمد8 | C15: أحمد | D15: 16 | E15: 10.5 | F15: 13 | G15: 2 | H15: =IF(ISBLANK(B15)," ",(D15+E15+F15*4)/6) -> 13.083333
A16: 9 | B16: محمد9 | C16: أحمد | D16: 18 | E16: 12 | F16: 15.5 | G16: 2 | H16: =IF(ISBLANK(B16)," ",(D16+E16+F16*4)/6) -> 15.333333
A17: 10 | B17: محمد10 | C17: أحمد | D17: 14 | E17: 10.5 | F17: 3 | G17: 2 | H17: =IF(ISBLANK(B17)," ",(D17+E17+F17*4)/6) -> 6.0833333
A18: 11 | B18: محمد11 | C18: أحمد | D18: 14 | E18: 6 | F18: 2.5 | G18: 2 | H18: =IF(ISBLANK(B18)," ",(D18+E18+F18*4)/6) -> 5
A19: 12 | B19: محمد12 | C19: أحمد | D19: 17 | E19: 12.5 | F19: 14.5 | G19: 2 | H19: =IF(ISBLANK(B19)," ",(D19+E19+F19*4)/6) -> 14.583333
... A49: 42 | B49: محمد42 | C49: أحمد | D49: 15 | E49: 13 | F49: 11.5 | G49: 2 | H49: =IF(ISBLANK(B49)," ",(D49+E49+F49*4)/6) -> 12.333333
A50: 43 | G50: 2 | H50: =IF(ISBLANK(B50)," ",(D50+E50+F50*4)/6)
A51: 44 | G51: 2 | H51: =IF(ISBLANK(B51)," ",(D51+E51+F51*4)/6)
A52: 45 | G52: 2 | H52: =IF(ISBLANK(B52)," ",(D52+E52+F52*4)/6)
A53: 46 | G53: 2 | H53: =IF(ISBLANK(B53)," ",(D53+E53+F53*4)/6)
A54: 47 | G54: 2 | H54: =IF(ISBLANK(B54)," ",(D54+E54+F54*4)/6)
A55: 48 | G55: 2 | H55: =IF(ISBLANK(B55)," ",(D55+E55+F55*4)/6)
A56: 49 | G56: 2 | H56: =IF(ISBLANK(B56)," ",(D56+E56+F56*4)/6)
A57: 50 | G57: 2 | H57: =IF(ISBLANK(B57)," ",(D57+E57+F57*4)/6)
A58: 51 | G58: 2 | H58: =IF(ISBLANK(B58)," ",(D58+E58+F58*4)/6)
A59: 52 | G59: 2 | H59: =IF(ISBLANK(B59)," ",(D59+E59+F59*4)/6)
A60: 53 | G60: 2 | H60: =IF(ISBLANK(B60)," ",(D60+E60+F60*4)/6)
A61: 54 | G61: 2 | H61: =IF(ISBLANK(B61)," ",(D61+E61+F61*4)/6)
... A66: 59 | G66: 2 | H66: =IF(ISBLANK(B66)," ",(D66+E66+F66*4)/6)
B68: تعداد القسم | D68: =COUNTA(B8:B66) -> 42
B69: الناجحين | D69: =COUNTIF(H8:H66,">=10") -> 30 | E69: =D69/D68 -> 0.71428571
B70: الراسبين | D70: =COUNTIF(H8:H66,"<10") -> 12 | E70: =D70/D68 -> 0.28571429
B71: معدل المادة | D71: =AVERAGE(H8:H66) -> 11.521825

Sheet 3am3
A1: متوسطة الشهيد ...........................
C2: نتائج الفصل الأول للموسم الدراسي 2022/2023 | I2: 3م3
B5: الأستاذ: ..........................
B6: المادة: علوم فيزيائية وتكنولوجيا
A7: الرقم | B7: اللقب | C7: الاسم | D7: التقويم | E7: الفرض | F7: الاختبار | G7: المعامل | H7: معدل المادة | I7: الملاحظة
A8: 1 | B8: محمد1 | C8: أحمد | D8: 11 | E8: 3 | F8: 1 | G8: 2 | H8: =IF(ISBLANK(B8)," ",(D8+E8+F8*4)/6) -> 3
A9: 2 | B9: محمد2 | C9: أحمد | D9: 14 | E9: 8.5 | F9: 7.5 | G9: 2 | H9: =IF(ISBLANK(B9)," ",(D9+E9+F9*4)/6) -> 8.75
A10: 3 | B10: محمد3 | C10: أحمد | D10: 15 | E10: 11 | F10: 11 | G10: 2 | H10: =IF(ISBLANK(B10)," ",(D10+E10+F10*4)/6) -> 11.666667
A11: 4 | B11: محمد4 | C11: أحمد | D11: 11 | E11: 10.5 | F11: 7.5 | G11: 2 | H11: =IF(ISBLANK(B11)," ",(D11+E11+F11*4)/6) -> 8.5833333
A12: 5 | B12: محمد5 | C12: أحمد | D12: 14 | E12: 6.5 | F12: 10.5 | G12: 2 | H12: =IF(ISBLANK(B12)," ",(D12+E12+F12*4)/6) -> 10.416667
A13: 6 | B13: محمد6 | C13: أحمد | D13: 16 | E13: 13 | F13: 10 | G13: 2 | H13: =IF(ISBLANK(B13)," ",(D13+E13+F13*4)/6) -> 11.5
A14: 7 | B14: محمد7 | C14: أحمد | D14: 17 | E14: 15.5 | F14: 15.5 | G14: 2 | H14: =IF(ISBLANK(B14)," ",(D14+E14+F14*4)/6) -> 15.75
A15: 8 | B15: محمد8 | C15: أحمد | D15: 18 | E15: 17.5 | F15: 15.5 | G15: 2 | H15: =IF(ISBLANK(B15)," ",(D15+E15+F15*4)/6) -> 16.25
A16: 9 | B16: محمد9 | C16: أحمد | D16: 17 | E16: 19 | F16: 19 | G16: 2 | H16: =IF(ISBLANK(B16)," ",(D16+E16+F16*4)/6) -> 18.666667
A17: 10 | B17: محمد10 | C17: أحمد | D17: 14 | E17: 8.5 | F17: 4.5 | G17: 2 | H17: =IF(ISBLANK(B17)," ",(D17+E17+F17*4)/6) -> 6.75
A18: 11 | B18: محمد11 | C18: أحمد | D18: 15 | E18: 16.5 | F18: 14.5 | G18: 2 | H18: =IF(ISBLANK(B18)," ",(D18+E18+F18*4)/6) -> 14.916667
A19: 12 | B19: محمد12 | C19: أحمد | D19: 16 | E19: 13.5 | F19: 12.5 | G19: 2 | H19: =IF(ISBLANK(B19)," ",(D19+E19+F19*4)/6) -> 13.25
... A50: 43 | B50: محمد43 | C50: أحمد | D50: 18 | E50: 20 | F50: 17 | G50: 2 | H50: =IF(ISBLANK(B50)," ",(D50+E50+F50*4)/6) -> 17.666667
A51: 44 | G51: 2 | H51: =IF(ISBLANK(B51)," ",(D51+E51+F51*4)/6)
A52: 45 | G52: 2 | H52: =IF(ISBLANK(B52)," ",(D52+E52+F52*4)/6)
A53: 46 | G53: 2 | H53: =IF(ISBLANK(B53)," ",(D53+E53+F53*4)/6)
A54: 47 | G54: 2 | H54: =IF(ISBLANK(B54)," ",(D54+E54+F54*4)/6)
A55: 48 | G55: 2 | H55: =IF(ISBLANK(B55)," ",(D55+E55+F55*4)/6)
A56: 49 | G56: 2 | H56: =IF(ISBLANK(B56)," ",(D56+E56+F56*4)/6)
A57: 50 | G57: 2 | H57: =IF(ISBLANK(B57)," ",(D57+E57+F57*4)/6)
A58: 51 | G58: 2 | H58: =IF(ISBLANK(B58)," ",(D58+E58+F58*4)/6)
A59: 52 | G59: 2 | H59: =IF(ISBLANK(B59)," ",(D59+E59+F59*4)/6)
A60: 53 | G60: 2 | H60: =IF(ISBLANK(B60)," ",(D60+E60+F60*4)/6)
A61: 54 | G61: 2 | H61: =IF(ISBLANK(B61)," ",(D61+E61+F61*4)/6)
A62: 55 | G62: 2 | H62: =IF(ISBLANK(B62)," ",(D62+E62+F62*4)/6)
... A66: 59 | G66: 2 | H66: =IF(ISBLANK(B66)," ",(D66+E66+F66*4)/6)
B68: تعداد القسم | D68: =COUNTA(B8:B66) -> 43
B69: الناجحين | D69: =COUNTIF(H8:H66,">=10") -> 27 | E69: =D69/D68 -> 0.62790698
B70: الراسبين | D70: =COUNTIF(H8:H66,"<10") -> 16 | E70: =D70/D68 -> 0.37209302
B71: معدل المادة | D71: =AVERAGE(H8:H66) -> 11.841085

Sheet 3am4
A1: متوسطة..............................
C2: نتائج الفصل الأول للموسم الدراسي 2022/2023 | I2: 3م4
B5: الأستاذ:...........................
B6: المادة: علوم فيزيائية وتكنولوجيا
A7: الرقم | B7: اللقب | C7: الاسم | D7: التقويم | E7: الفرض | F7: الاختبار | G7: المعامل | H7: معدل المادة | I7: الملاحظة
A8: 1 | B8: محمد1 | C8: أحمد | D8: 16 | E8: 5.5 | F8: 13 | G8: 2 | H8: =IF(ISBLANK(B8)," ",(D8+E8+F8*4)/6) -> 12.25
A9: 2 | B9: محمد2 | C9: أحمد | D9: 14 | E9: 8.5 | F9: 11 | G9: 2 | H9: =IF(ISBLANK(B9)," ",(D9+E9+F9*4)/6) -> 11.083333
A10: 3 | B10: محمد3 | C10: أحمد | D10: 13 | E10: 11 | F10: 11 | G10: 2 | H10: =IF(ISBLANK(B10)," ",(D10+E10+F10*4)/6) -> 11.333333
A11: 4 | B11: محمد4 | C11: أحمد | D11: 16 | E11: 9.5 | F11: 14.5 | G11: 2 | H11: =IF(ISBLANK(B11)," ",(D11+E11+F11*4)/6) -> 13.916667
A12: 5 | B12: محمد5 | C12: أحمد | D12: 14 | E12: 14 | F12: 14 | G12: 2 | H12: =IF(ISBLANK(B12)," ",(D12+E12+F12*4)/6) -> 14
A13: 6 | B13: محمد6 | C13: أحمد | D13: 15 | E13: 8.5 | F13: 6.5 | G13: 2 | H13: =IF(ISBLANK(B13)," ",(D13+E13+F13*4)/6) -> 8.25
A14: 7 | B14: محمد7 | C14: أحمد | D14: 16 | E14: 12.5 | F14: 15 | G14: 2 | H14: =IF(ISBLANK(B14)," ",(D14+E14+F14*4)/6) -> 14.75
A15: 8 | B15: محمد8 | C15: أحمد | D15: 16 | E15: 7.5 | F15: 12 | G15: 2 | H15: =IF(ISBLANK(B15)," ",(D15+E15+F15*4)/6) -> 11.916667
A16: 9 | B16: محمد9 | C16: أحمد | D16: 15 | E16: 10 | F16: 9 | G16: 2 | H16: =IF(ISBLANK(B16)," ",(D16+E16+F16*4)/6) -> 10.166667
A17: 10 | B17: محمد10 | C17: أحمد | D17: 17 | E17: 13 | F17: 15 | G17: 2 | H17: =IF(ISBLANK(B17)," ",(D17+E17+F17*4)/6) -> 15
A18: 11 | B18: محمد11 | C18: أحمد | D18: 15 | E18: 11 | F18: 6 | G18: 2 | H18: =IF(ISBLANK(B18)," ",(D18+E18+F18*4)/6) -> 8.3333333
A19: 12 | B19: محمد12 | C19: أحمد | D19: 14 | E19: 5 | F19: 7.5 | G19: 2 | H19: =IF(ISBLANK(B19)," ",(D19+E19+F19*4)/6) -> 8.1666667
... A49: 42 | B49: محمد42 | C49: أحمد | D49: 14 | E49: 13.5 | F49: 5.5 | G49: 2 | H49: =IF(ISBLANK(B49)," ",(D49+E49+F49*4)/6) -> 8.25
A50: 43 | G50: 2 | H50: =IF(ISBLANK(B50)," ",(D50+E50+F50*4)/6)
A51: 44 | G51: 2 | H51: =IF(ISBLANK(B51)," ",(D51+E51+F51*4)/6)
A52: 45 | G52: 2 | H52: =IF(ISBLANK(B52)," ",(D52+E52+F52*4)/6)
A53: 46 | G53: 2 | H53: =IF(ISBLANK(B53)," ",(D53+E53+F53*4)/6)
A54: 47 | G54: 2 | H54: =IF(ISBLANK(B54)," ",(D54+E54+F54*4)/6)
A55: 48 | G55: 2 | H55: =IF(ISBLANK(B55)," ",(D55+E55+F55*4)/6)
A56: 49 | G56: 2 | H56: =IF(ISBLANK(B56)," ",(D56+E56+F56*4)/6)
A57: 50 | G57: 2 | H57: =IF(ISBLANK(B57)," ",(D57+E57+F57*4)/6)
A58: 51 | G58: 2 | H58: =IF(ISBLANK(B58)," ",(D58+E58+F58*4)/6)
A59: 52 | G59: 2 | H59: =IF(ISBLANK(B59)," ",(D59+E59+F59*4)/6)
A60: 53 | G60: 2 | H60: =IF(ISBLANK(B60)," ",(D60+E60+F60*4)/6)
A61: 54 | G61: 2 | H61: =IF(ISBLANK(B61)," ",(D61+E61+F61*4)/6)
... A66: 59 | G66: 2 | H66: =IF(ISBLANK(B66)," ",(D66+E66+F66*4)/6)
B68: تعداد القسم | D68: =COUNTA(B8:B66) -> 42
B69: الناجحين | D69: =COUNTIF(H8:H66,">=10") -> 25 | E69: =D69/D68 -> 0.5952381
B70: الراسبين | D70: =COUNTIF(H8:H66,"<10") -> 17 | E70: =D70/D68 -> 0.4047619
B71: معدل المادة | D71: =AVERAGE(H8:H66) -> 11.375

Sheet 3am5
A1: متوسطة الشهيد ..............................
C2: نتائج الفصل الأول للموسم الدراسي 2022/2023 | I2: 3م5
B5: الأستاذ:........................
B6: المادة: علوم فيزيائية وتكنولوجيا
A7: الرقم | B7: اللقب | C7: الاسم | D7: التقويم | E7: الفرض | F7: الاختبار | G7: المعامل | H7: معدل المادة | I7: الملاحظة
A8: 1 | B8: محمد1 | C8: أحمد | D8: 16 | E8: 13.5 | F8: 8 | G8: 2 | H8: =IF(ISBLANK(B8)," ",(D8+E8+F8*4)/6) -> 10.25
A9: 2 | B9: محمد2 | C9: أحمد | D9: 16 | E9: 8 | F9: 4 | G9: 2 | H9: =IF(ISBLANK(B9)," ",(D9+E9+F9*4)/6) -> 6.6666667
A10: 3 | B10: محمد3 | C10: أحمد | D10: 16 | E10: 5 | F10: 11.5 | G10: 2 | H10: =IF(ISBLANK(B10)," ",(D10+E10+F10*4)/6) -> 11.166667
A11: 4 | B11: محمد4 | C11: أحمد | D11: 16 | E11: 14 | F11: 7 | G11: 2 | H11: =IF(ISBLANK(B11)," ",(D11+E11+F11*4)/6) -> 9.6666667
A12: 5 | B12: محمد5 | C12: أحمد | D12: 14 | E12: 12.5 | F12: 5.5 | G12: 2 | H12: =IF(ISBLANK(B12)," ",(D12+E12+F12*4)/6) -> 8.0833333
A13: 6 | B13: محمد6 | C13: أحمد | D13: 17 | E13: 18.5 | F13: 9.5 | G13: 2 | H13: =IF(ISBLANK(B13)," ",(D13+E13+F13*4)/6) -> 12.25
A14: 7 | B14: محمد7 | C14: أحمد | D14: 16 | E14: 11.5 | F14: 7 | G14: 2 | H14: =IF(ISBLANK(B14)," ",(D14+E14+F14*4)/6) -> 9.25
A15: 8 | B15: محمد8 | C15: أحمد | D15: 15 | E15: 16 | F15: 14.5 | G15: 2 | H15: =IF(ISBLANK(B15)," ",(D15+E15+F15*4)/6) -> 14.833333
A16: 9 | B16: محمد9 | C16: أحمد | D16: 17 | E16: 16 | F16: 15.5 | G16: 2 | H16: =IF(ISBLANK(B16)," ",(D16+E16+F16*4)/6) -> 15.833333
A17: 10 | B17: محمد10 | C17: أحمد | D17: 15 | E17: 16 | F17: 7 | G17: 2 | H17: =IF(ISBLANK(B17)," ",(D17+E17+F17*4)/6) -> 9.8333333
A18: 11 | B18: محمد11 | C18: أحمد | D18: 16 | E18: 14 | F18: 11.5 | G18: 2 | H18: =IF(ISBLANK(B18)," ",(D18+E18+F18*4)/6) -> 12.666667
A19: 12 | B19: محمد12 | C19: أحمد | D19: 15 | E19: 11 | F19: 9.5 | G19: 2 | H19: =IF(ISBLANK(B19)," ",(D19+E19+F19*4)/6) -> 10.666667
... A49: 42 | B49: محمد42 | C49: أحمد | D49: 17 | E49: 14.5 | F49: 14 | G49: 2 | H49: =IF(ISBLANK(B49)," ",(D49+E49+F49*4)/6) -> 14.583333
A50: 43 | G50: 2 | H50: =IF(ISBLANK(B50)," ",(D50+E50+F50*4)/6)
A51: 44 | G51: 2 | H51: =IF(ISBLANK(B51)," ",(D51+E51+F51*4)/6)
A52: 45 | G52: 2 | H52: =IF(ISBLANK(B52)," ",(D52+E52+F52*4)/6)
A53: 46 | G53: 2 | H53: =IF(ISBLANK(B53)," ",(D53+E53+F53*4)/6)
A54: 47 | G54: 2 | H54: =IF(ISBLANK(B54)," ",(D54+E54+F54*4)/6)
A55: 48 | G55: 2 | H55: =IF(ISBLANK(B55)," ",(D55+E55+F55*4)/6)
A56: 49 | G56: 2 | H56: =IF(ISBLANK(B56)," ",(D56+E56+F56*4)/6)
A57: 50 | G57: 2 | H57: =IF(ISBLANK(B57)," ",(D57+E57+F57*4)/6)
A58: 51 | G58: 2 | H58: =IF(ISBLANK(B58)," ",(D58+E58+F58*4)/6)
A59: 52 | G59: 2 | H59: =IF(ISBLANK(B59)," ",(D59+E59+F59*4)/6)
A60: 53 | G60: 2 | H60: =IF(ISBLANK(B60)," ",(D60+E60+F60*4)/6)
A61: 54 | G61: 2 | H61: =IF(ISBLANK(B61)," ",(D61+E61+F61*4)/6)
... A66: 59 | G66: 2 | H66: =IF(ISBLANK(B66)," ",(D66+E66+F66*4)/6)
B68: تعداد القسم | D68: =COUNTA(B8:B66) -> 42
B69: الناجحين | D69: =COUNTIF(H8:H66,">=10") -> 28 | E69: =D69/D68 -> 0.66666667
B70: الراسبين | D70: =COUNTIF(H8:H66,"<10") -> 14 | E70: =D70/D68 -> 0.33333333
B71: معدل المادة | D71: =AVERAGE(H8:H66) -> 11.53373

Sheet 3am6
A1: متوسطة الشهيد ..............................
C2: نتائج الفصل الأول للموسم الدراسي 2022/2023 | I2: 3م6
B5: الأستاذ:........................
B6: المادة: علوم فيزيائية وتكنولوجيا
A7: الرقم | B7: اللقب | C7: الاسم | D7: التقويم | E7: الفرض | F7: الاختبار | G7: المعامل | H7: معدل المادة | I7: الملاحظة
A8: 1 | B8: محمد1 | C8: أحمد | D8: 16 | E8: 13.5 | F8: 8 | G8: 2 | H8: =IF(ISBLANK(B8)," ",(D8+E8+F8*4)/6) -> 10.25
A9: 2 | B9: محمد2 | C9: أحمد | D9: 16 | E9: 8 | F9: 4 | G9: 2 | H9: =IF(ISBLANK(B9)," ",(D9+E9+F9*4)/6) -> 6.6666667
A10: 3 | B10: محمد3 | C10: أحمد | D10: 16 | E10: 5 | F10: 11.5 | G10: 2 | H10: =IF(ISBLANK(B10)," ",(D10+E10+F10*4)/6) -> 11.166667
A11: 4 | B11: محمد4 | C11: أحمد | D11: 16 | E11: 14 | F11: 7 | G11: 2 | H11: =IF(ISBLANK(B11)," ",(D11+E11+F11*4)/6) -> 9.6666667
A12: 5 | B12: محمد5 | C12: أحمد | D12: 14 | E12: 12.5 | F12: 5.5 | G12: 2 | H12: =IF(ISBLANK(B12)," ",(D12+E12+F12*4)/6) -> 8.0833333
A13: 6 | B13: محمد6 | C13: أحمد | D13: 17 | E13: 18.5 | F13: 9.5 | G13: 2 | H13: =IF(ISBLANK(B13)," ",(D13+E13+F13*4)/6) -> 12.25
A14: 7 | B14: محمد7 | C14: أحمد | D14: 16 | E14: 11.5 | F14: 7 | G14: 2 | H14: =IF(ISBLANK(B14)," ",(D14+E14+F14*4)/6) -> 9.25
A15: 8 | B15: محمد8 | C15: أحمد | D15: 15 | E15: 16 | F15: 14.5 | G15: 2 | H15: =IF(ISBLANK(B15)," ",(D15+E15+F15*4)/6) -> 14.833333
A16: 9 | B16: محمد9 | C16: أحمد | D16: 17 | E16: 16 | F16: 15.5 | G16: 2 | H16: =IF(ISBLANK(B16)," ",(D16+E16+F16*4)/6) -> 15.833333
A17: 10 | B17: محمد10 | C17: أحمد | D17: 15 | E17: 16 | F17: 7 | G17: 2 | H17: =IF(ISBLANK(B17)," ",(D17+E17+F17*4)/6) -> 9.8333333
A18: 11 | B18: محمد11 | C18: أحمد | D18: 16 | E18: 14 | F18: 11.5 | G18: 2 | H18: =IF(ISBLANK(B18)," ",(D18+E18+F18*4)/6) -> 12.666667
A19: 12 | B19: محمد12 | C19: أحمد | D19: 15 | E19: 11 | F19: 9.5 | G19: 2 | H19: =IF(ISBLANK(B19)," ",(D19+E19+F19*4)/6) -> 10.666667
... A54: 47 | B54: محمد47 | C54: أحمد | D54: 17 | E54: 14.5 | F54: 14 | G54: 2 | H54: =IF(ISBLANK(B54)," ",(D54+E54+F54*4)/6) -> 14.583333
A55: 48 | G55: 2 | H55: =IF(ISBLANK(B55)," ",(D55+E55+F55*4)/6)
A56: 49 | G56: 2 | H56: =IF(ISBLANK(B56)," ",(D56+E56+F56*4)/6)
A57: 50 | G57: 2 | H57: =IF(ISBLANK(B57)," ",(D57+E57+F57*4)/6)
A58: 51 | G58: 2 | H58: =IF(ISBLANK(B58)," ",(D58+E58+F58*4)/6)
A59: 52 | G59: 2 | H59: =IF(ISBLANK(B59)," ",(D59+E59+F59*4)/6)
A60: 53 | G60: 2 | H60: =IF(ISBLANK(B60)," ",(D60+E60+F60*4)/6)
A61: 54 | G61: 2 | H61: =IF(ISBLANK(B61)," ",(D61+E61+F61*4)/6)
A62: 55 | G62: 2 | H62: =IF(ISBLANK(B62)," ",(D62+E62+F62*4)/6)
A63: 56 | G63: 2 | H63: =IF(ISBLANK(B63)," ",(D63+E63+F63*4)/6)
A64: 57 | G64: 2 | H64: =IF(ISBLANK(B64)," ",(D64+E64+F64*4)/6)
A65: 58 | G65: 2 | H65: =IF(ISBLANK(B65)," ",(D65+E65+F65*4)/6)
A66: 59 | G66: 2 | H66: =IF(ISBLANK(B66)," ",(D66+E66+F66*4)/6)
B68: تعداد القسم | D68: =COUNTA(B8:B66) -> 47
B69: الناجحين | D69: =COUNTIF(H8:H66,">=10") -> 33 | E69: =D69/D68 -> 0.70212766
B70: الراسبين | D70: =COUNTIF(H8:H66,"<10") -> 14 | E70: =D70/D68 -> 0.29787234
B71: معدل المادة | D71: =AVERAGE(H8:H66) -> 11.858156

Sheet 3am7
A1: متوسطة الشهيد ..............................
C2: نتائج الفصل الأول للموسم الدراسي 2022/2023 | I2: 3م7
B5: الأستاذ:........................
B6: المادة: علوم فيزيائية وتكنولوجيا
A7: الرقم | B7: اللقب | C7: الاسم | D7: التقويم | E7: الفرض | F7: الاختبار | G7: المعامل | H7: معدل المادة | I7: الملاحظة
A8: 1 | B8: محمد1 | C8: أحمد | D8: 16 | E8: 13.5 | F8: 8 | G8: 2 | H8: =IF(ISBLANK(B8)," ",(D8+E8+F8*4)/6) -> 10.25
A9: 2 | B9: محمد2 | C9: أحمد | D9: 16 | E9: 8 | F9: 4 | G9: 2 | H9: =IF(ISBLANK(B9)," ",(D9+E9+F9*4)/6) -> 6.6666667
A10: 3 | B10: محمد3 | C10: أحمد | D10: 16 | E10: 5 | F10: 11.5 | G10: 2 | H10: =IF(ISBLANK(B10)," ",(D10+E10+F10*4)/6) -> 11.166667
A11: 4 | B11: محمد4 | C11: أحمد | D11: 16 | E11: 14 | F11: 7 | G11: 2 | H11: =IF(ISBLANK(B11)," ",(D11+E11+F11*4)/6) -> 9.6666667
A12: 5 | B12: محمد5 | C12: أحمد | D12: 14 | E12: 12.5 | F12: 5.5 | G12: 2 | H12: =IF(ISBLANK(B12)," ",(D12+E12+F12*4)/6) -> 8.0833333
A13: 6 | B13: محمد6 | C13: أحمد | D13: 17 | E13: 18.5 | F13: 9.5 | G13: 2 | H13: =IF(ISBLANK(B13)," ",(D13+E13+F13*4)/6) -> 12.25
A14: 7 | B14: محمد7 | C14: أحمد | D14: 16 | E14: 11.5 | F14: 7 | G14: 2 | H14: =IF(ISBLANK(B14)," ",(D14+E14+F14*4)/6) -> 9.25
A15: 8 | B15: محمد8 | C15: أحمد | D15: 15 | E15: 16 | F15: 14.5 | G15: 2 | H15: =IF(ISBLANK(B15)," ",(D15+E15+F15*4)/6) -> 14.833333
A16: 9 | B16: محمد9 | C16: أحمد | D16: 17 | E16: 16 | F16: 15.5 | G16: 2 | H16: =IF(ISBLANK(B16)," ",(D16+E16+F16*4)/6) -> 15.833333
A17: 10 | B17: محمد10 | C17: أحمد | D17: 15 | E17: 16 | F17: 7 | G17: 2 | H17: =IF(ISBLANK(B17)," ",(D17+E17+F17*4)/6) -> 9.8333333
A18: 11 | B18: محمد11 | C18: أحمد | D18: 16 | E18: 14 | F18: 11.5 | G18: 2 | H18: =IF(ISBLANK(B18)," ",(D18+E18+F18*4)/6) -> 12.666667
A19: 12 | B19: محمد12 | C19: أحمد | D19: 15 | E19: 11 | F19: 9.5 | G19: 2 | H19: =IF(ISBLANK(B19)," ",(D19+E19+F19*4)/6) -> 10.666667
... A49: 42 | B49: محمد42 | C49: أحمد | D49: 17 | E49: 14.5 | F49: 14 | G49: 2 | H49: =IF(ISBLANK(B49)," ",(D49+E49+F49*4)/6) -> 14.583333
A50: 43 | G50: 2 | H50: =IF(ISBLANK(B50)," ",(D50+E50+F50*4)/6)
A51: 44 | G51: 2 | H51: =IF(ISBLANK(B51)," ",(D51+E51+F51*4)/6)
A52: 45 | G52: 2 | H52: =IF(ISBLANK(B52)," ",(D52+E52+F52*4)/6)
A53: 46 | G53: 2 | H53: =IF(ISBLANK(B53)," ",(D53+E53+F53*4)/6)
A54: 47 | G54: 2 | H54: =IF(ISBLANK(B54)," ",(D54+E54+F54*4)/6)
A55: 48 | G55: 2 | H55: =IF(ISBLANK(B55)," ",(D55+E55+F55*4)/6)
A56: 49 | G56: 2 | H56: =IF(ISBLANK(B56)," ",(D56+E56+F56*4)/6)
A57: 50 | G57: 2 | H57: =IF(ISBLANK(B57)," ",(D57+E57+F57*4)/6)
A58: 51 | G58: 2 | H58: =IF(ISBLANK(B58)," ",(D58+E58+F58*4)/6)
A59: 52 | G59: 2 | H59: =IF(ISBLANK(B59)," ",(D59+E59+F59*4)/6)
A60: 53 | G60: 2 | H60: =IF(ISBLANK(B60)," ",(D60+E60+F60*4)/6)
A61: 54 | G61: 2 | H61: =IF(ISBLANK(B61)," ",(D61+E61+F61*4)/6)
... A66: 59 | G66: 2 | H66: =IF(ISBLANK(B66)," ",(D66+E66+F66*4)/6)
B68: تعداد القسم | D68: =COUNTA(B8:B66) -> 42
B69: الناجحين | D69: =COUNTIF(H8:H66,">=10") -> 28 | E69: =D69/D68 -> 0.66666667
B70: الراسبين | D70: =COUNTIF(H8:H66,"<10") -> 14 | E70: =D70/D68 -> 0.33333333
B71: معدل المادة | D71: =AVERAGE(H8:H66) -> 11.53373

Sheet احصائيات
C3: القسم | D3: عدد التلاميذ | E3: الناجحين | F3: الراسبين | G3: نسبة النجاح
C4: ='3am1'!I2 -> 3م1 | D4: ='3am1'!D68 -> 38 | E4: ='3am1'!D69 -> 27 | F4: ='3am1'!D70 -> 11 | G4: ='3am1'!E69 -> 0.71052632
C5: ='3am2'!I2 -> 3م2 | D5: ='3am2'!D68 -> 42 | E5: ='3am2'!D69 -> 30 | F5: ='3am2'!D70 -> 12 | G5: ='3am2'!E69 -> 0.71428571
C6: ='3am3'!I2 -> 3م3 | D6: ='3am3'!D68 -> 43 | E6: ='3am3'!D69 -> 27 | F6: ='3am3'!D70 -> 16 | G6: ='3am3'!E69 -> 0.62790698
C7: ='3am4'!I2 -> 3م4 | D7: ='3am4'!D68 -> 42 | E7: ='3am4'!D69 -> 25 | F7: ='3am4'!D70 -> 17 | G7: ='3am4'!E69 -> 0.5952381
C8: ='3am5'!I2 -> 3م5 | D8: ='3am5'!D68 -> 42 | E8: ='3am5'!D69 -> 28 | F8: ='3am5'!D70 -> 14 | G8: ='3am5'!E69 -> 0.66666667
C9: ='3am6'!I2 -> 3م6 | D9: ='3am6'!D68 -> 47 | E9: ='3am7'!D68 -> 42 | F9: ='3am6'!D70 -> 14 | G9: ='3am6'!E69 -> 0.70212766
C10: ='3am7'!I2 -> 3م7 | D10: ='3am7'!D68 -> 42 | E10: ='3am7'!D68 -> 42 | F10: ='3am7'!D70 -> 14 | G10: ='3am7'!E69 -> 0.66666667
C12: المجموع | D12: =SUM(D4:D11) -> 296 | E12: =SUM(E4:E11) -> 221 | F12: =SUM(F4:F11) -> 98 | G12: =AVERAGE(G4:G11) -> 0.66905973
